user_id,account_id
12346,ACC_0001
12347,ACC_0001
12348,ACC_0001
12349,ACC_0001
12350,ACC_0001
12351,ACC_0001
12352,ACC_0001
12353,ACC_0001
12354,ACC_0001
12355,ACC_0001
12356,ACC_0001
12357,ACC_0001
12358,ACC_0002
12359,ACC_0002
12360,ACC_0002
12361,ACC_0002
12362,ACC_0002
12363,ACC_0002
12364,ACC_0002
12365,ACC_0002
12366,ACC_0002
12367,ACC_0002
12368,ACC_0003
12369,ACC_0003
12370,ACC_0003
12371,ACC_0004
12372,ACC_0004
12373,ACC_0004
12374,ACC_0004
12375,ACC_0004
12376,ACC_0004
12377,ACC_0004
12378,ACC_0004
12379,ACC_0004
12380,ACC_0004
12381,ACC_0004
12383,ACC_0004
12384,ACC_0004
12385,ACC_0004
12386,ACC_0004
12387,ACC_0004
12388,ACC_0004
12389,ACC_0005
12390,ACC_0005
12391,ACC_0005
12392,ACC_0005
12393,ACC_0005
12394,ACC_0005
12395,ACC_0005
12396,ACC_0005
12397,ACC_0005
12398,ACC_0005
12399,ACC_0005
12400,ACC_0005
12401,ACC_0005
12402,ACC_0006
12403,ACC_0006
12404,ACC_0006
12405,ACC_0006
12406,ACC_0006
12407,ACC_0007
12408,ACC_0007
12409,ACC_0007
12410,ACC_0007
12411,ACC_0008
12412,ACC_0008
12413,ACC_0008
12414,ACC_0008
12415,ACC_0008
12416,ACC_0008
12417,ACC_0008
12418,ACC_0008
12419,ACC_0008
12420,ACC_0008
12421,ACC_0009
12422,ACC_0009
12423,ACC_0009
12424,ACC_0009
12425,ACC_0010
12426,ACC_0010
12427,ACC_0010
12428,ACC_0010
12429,ACC_0010
12430,ACC_0010
12431,ACC_0011
12432,ACC_0011
12433,ACC_0012
12434,ACC_0012
12435,ACC_0012
12436,ACC_0012
12437,ACC_0013
12438,ACC_0013
12439,ACC_0013
12440,ACC_0013
12441,ACC_0013
12442,ACC_0013
12443,ACC_0013
12444,ACC_0013
12445,ACC_0013
12446,ACC_0014
12447,ACC_0014
12448,ACC_0014
12449,ACC_0014
12450,ACC_0014
12451,ACC_0014
12452,ACC_0014
12453,ACC_0014
12454,ACC_0014
12455,ACC_0014
12456,ACC_0014
12457,ACC_0014
12458,ACC_0015
12459,ACC_0015
12460,ACC_0016
12461,ACC_0016
12462,ACC_0016
12463,ACC_0016
12464,ACC_0016
12465,ACC_0016
12466,ACC_0016
12467,ACC_0016
12468,ACC_0016
12469,ACC_0016
12470,ACC_0016
12471,ACC_0016
12472,ACC_0016
12473,ACC_0016
12474,ACC_0016
12475,ACC_0017
12476,ACC_0017
12477,ACC_0017
12478,ACC_0017
12479,ACC_0017
12480,ACC_0017
12481,ACC_0017
12482,ACC_0017
12483,ACC_0017
12484,ACC_0017
12485,ACC_0017
12486,ACC_0017
12487,ACC_0017
12488,ACC_0018
12489,ACC_0018
12490,ACC_0019
12491,ACC_0019
12492,ACC_0019
12493,ACC_0019
12494,ACC_0020
12495,ACC_0020
12496,ACC_0021
12497,ACC_0021
12498,ACC_0021
12499,ACC_0022
12500,ACC_0022
12501,ACC_0022
12502,ACC_0022
12503,ACC_0022
12504,ACC_0022
12505,ACC_0023
12506,ACC_0023
12507,ACC_0024
12508,ACC_0024
12509,ACC_0024
12510,ACC_0024
12511,ACC_0025
12512,ACC_0025
12513,ACC_0025
12514,ACC_0025
12515,ACC_0025
12516,ACC_0026
12517,ACC_0026
12518,ACC_0026
12519,ACC_0026
12520,ACC_0027
12521,ACC_0027
12522,ACC_0027
12523,ACC_0027
12524,ACC_0027
12525,ACC_0027
12526,ACC_0028
12527,ACC_0028
12528,ACC_0028
12529,ACC_0028
12530,ACC_0028
12531,ACC_0028
12532,ACC_0028
12533,ACC_0028
12534,ACC_0028
12535,ACC_0028
12536,ACC_0029
12537,ACC_0029
12538,ACC_0030
12539,ACC_0030
12540,ACC_0030
12541,ACC_0030
12542,ACC_0030
12543,ACC_0030
12544,ACC_0030
12545,ACC_0030
12546,ACC_0030
12547,ACC_0031
12548,ACC_0031
12549,ACC_0031
12550,ACC_0031
12551,ACC_0031
12552,ACC_0031
12553,ACC_0031
12554,ACC_0031
12555,ACC_0031
12556,ACC_0031
12557,ACC_0031
12558,ACC_0031
12559,ACC_0031
12560,ACC_0031
12561,ACC_0032
12562,ACC_0032
12563,ACC_0032
12564,ACC_0033
12565,ACC_0033
12566,ACC_0033
12567,ACC_0033
12568,ACC_0033
12569,ACC_0034
12570,ACC_0034
12571,ACC_0035
12572,ACC_0035
12573,ACC_0035
12574,ACC_0035
12575,ACC_0035
12576,ACC_0036
12577,ACC_0036
12578,ACC_0036
12579,ACC_0036
12580,ACC_0036
12581,ACC_0037
12582,ACC_0037
12583,ACC_0037
12584,ACC_0038
12585,ACC_0038
12586,ACC_0038
12587,ACC_0038
12588,ACC_0038
12589,ACC_0039
12590,ACC_0039
12591,ACC_0040
12592,ACC_0040
12593,ACC_0041
12594,ACC_0041
12595,ACC_0041
12596,ACC_0041
12597,ACC_0041
12598,ACC_0042
12599,ACC_0042
12600,ACC_0042
12601,ACC_0042
12602,ACC_0043
12603,ACC_0043
12604,ACC_0043
12605,ACC_0043
12606,ACC_0043
12607,ACC_0043
12608,ACC_0043
12609,ACC_0043
12610,ACC_0043
12611,ACC_0043
12612,ACC_0043
12613,ACC_0043
12614,ACC_0044
12615,ACC_0044
12616,ACC_0044
12617,ACC_0044
12618,ACC_0044
12619,ACC_0045
12620,ACC_0045
12621,ACC_0045
12622,ACC_0045
12623,ACC_0045
12624,ACC_0046
12625,ACC_0046
12626,ACC_0046
12627,ACC_0047
12628,ACC_0047
12629,ACC_0047
12630,ACC_0047
12631,ACC_0047
12632,ACC_0047
12633,ACC_0048
12634,ACC_0048
12635,ACC_0048
12636,ACC_0049
12637,ACC_0049
12638,ACC_0049
12639,ACC_0049
12640,ACC_0049
12641,ACC_0049
12642,ACC_0049
12643,ACC_0050
12644,ACC_0050
12645,ACC_0050
12646,ACC_0051
12647,ACC_0051
12648,ACC_0051
12649,ACC_0051
12650,ACC_0051
12651,ACC_0051
12652,ACC_0052
12653,ACC_0052
12654,ACC_0052
12655,ACC_0053
12656,ACC_0053
12657,ACC_0053
12658,ACC_0053
12659,ACC_0054
12660,ACC_0054
12661,ACC_0054
12662,ACC_0054
12663,ACC_0054
12664,ACC_0055
12665,ACC_0055
12666,ACC_0055
12667,ACC_0055
12668,ACC_0056
12669,ACC_0056
12670,ACC_0056
12671,ACC_0056
12672,ACC_0056
12673,ACC_0056
12674,ACC_0057
12675,ACC_0057
12676,ACC_0058
12677,ACC_0058
12678,ACC_0059
12679,ACC_0059
12680,ACC_0059
12681,ACC_0059
12682,ACC_0059
12683,ACC_0060
12684,ACC_0060
12685,ACC_0061
12686,ACC_0061
12687,ACC_0061
12688,ACC_0061
12689,ACC_0062
12690,ACC_0062
12691,ACC_0062
12692,ACC_0062
12693,ACC_0062
12694,ACC_0063
12695,ACC_0063
12696,ACC_0063
12697,ACC_0064
12698,ACC_0064
12699,ACC_0064
12700,ACC_0065
12701,ACC_0065
12702,ACC_0065
12703,ACC_0065
12704,ACC_0065
12705,ACC_0065
12707,ACC_0066
12708,ACC_0066
12709,ACC_0067
12710,ACC_0067
12711,ACC_0067
12712,ACC_0067
12713,ACC_0067
12714,ACC_0067
12715,ACC_0067
12716,ACC_0067
12717,ACC_0067
12718,ACC_0067
12719,ACC_0067
12720,ACC_0067
12721,ACC_0067
12722,ACC_0067
12723,ACC_0067
12724,ACC_0067
12725,ACC_0067
12726,ACC_0067
12727,ACC_0067
12728,ACC_0067
12729,ACC_0067
12730,ACC_0068
12731,ACC_0068
12732,ACC_0068
12733,ACC_0068
12734,ACC_0068
12735,ACC_0068
12736,ACC_0069
12737,ACC_0069
12738,ACC_0069
12739,ACC_0069
12740,ACC_0069
12741,ACC_0070
12742,ACC_0070
12743,ACC_0070
12744,ACC_0070
12745,ACC_0070
12746,ACC_0070
12747,ACC_0070
12748,ACC_0070
12749,ACC_0070
12750,ACC_0070
12751,ACC_0070
12752,ACC_0070
12753,ACC_0070
12754,ACC_0070
12755,ACC_0070
12756,ACC_0071
12757,ACC_0071
12758,ACC_0071
12759,ACC_0071
12760,ACC_0071
12761,ACC_0072
12762,ACC_0072
12763,ACC_0072
12764,ACC_0072
12765,ACC_0073
12766,ACC_0073
12767,ACC_0073
12768,ACC_0073
12769,ACC_0074
12770,ACC_0074
12771,ACC_0074
12772,ACC_0074
12773,ACC_0074
12774,ACC_0074
12775,ACC_0075
12776,ACC_0075
12777,ACC_0075
12778,ACC_0075
12779,ACC_0075
12780,ACC_0076
12781,ACC_0076
12782,ACC_0076
12783,ACC_0077
12784,ACC_0077
12785,ACC_0077
12786,ACC_0077
12787,ACC_0078
12788,ACC_0078
12789,ACC_0078
12790,ACC_0078
12791,ACC_0078
12792,ACC_0078
12793,ACC_0078
12794,ACC_0078
12795,ACC_0078
12796,ACC_0078
12797,ACC_0078
12798,ACC_0078
12799,ACC_0078
12800,ACC_0078
12801,ACC_0079
12802,ACC_0079
12803,ACC_0079
12804,ACC_0079
12805,ACC_0079
12806,ACC_0080
12807,ACC_0080
12808,ACC_0080
12809,ACC_0080
12810,ACC_0081
12811,ACC_0081
12812,ACC_0082
12813,ACC_0082
12814,ACC_0082
12815,ACC_0082
12816,ACC_0082
12817,ACC_0083
12818,ACC_0083
12819,ACC_0083
12820,ACC_0083
12821,ACC_0083
12822,ACC_0084
12823,ACC_0084
12824,ACC_0085
12825,ACC_0085
12826,ACC_0085
12827,ACC_0085
12828,ACC_0085
12829,ACC_0086
12830,ACC_0086
12831,ACC_0087
12832,ACC_0087
12833,ACC_0087
12834,ACC_0087
12835,ACC_0087
12836,ACC_0088
12837,ACC_0088
12838,ACC_0088
12839,ACC_0088
12840,ACC_0088
12841,ACC_0088
12842,ACC_0088
12843,ACC_0088
12844,ACC_0089
12845,ACC_0089
12846,ACC_0089
12847,ACC_0089
12848,ACC_0090
12849,ACC_0090
12850,ACC_0090
12851,ACC_0091
12852,ACC_0091
12853,ACC_0092
12854,ACC_0092
12855,ACC_0092
12856,ACC_0092
12857,ACC_0092
12858,ACC_0092
12859,ACC_0093
12860,ACC_0093
12861,ACC_0093
12862,ACC_0093
12863,ACC_0093
12864,ACC_0093
12865,ACC_0093
12866,ACC_0094
12867,ACC_0094
12868,ACC_0095
12869,ACC_0095
12870,ACC_0095
12871,ACC_0095
12872,ACC_0096
12873,ACC_0096
12874,ACC_0096
12875,ACC_0096
12876,ACC_0096
12877,ACC_0096
12878,ACC_0097
12879,ACC_0097
12880,ACC_0097
12881,ACC_0097
12882,ACC_0097
12883,ACC_0097
12884,ACC_0098
12885,ACC_0098
12886,ACC_0098
12887,ACC_0099
12888,ACC_0099
12889,ACC_0099
12890,ACC_0099
12891,ACC_0099
12892,ACC_0099
12893,ACC_0100
12894,ACC_0100
12895,ACC_0100
12897,ACC_0100
12898,ACC_0101
12899,ACC_0101
12900,ACC_0101
12901,ACC_0101
12902,ACC_0101
12903,ACC_0101
12904,ACC_0101
12905,ACC_0102
12906,ACC_0102
12907,ACC_0102
12908,ACC_0102
12909,ACC_0102
12910,ACC_0102
12911,ACC_0103
12912,ACC_0103
12913,ACC_0103
12914,ACC_0104
12915,ACC_0104
12916,ACC_0105
12917,ACC_0105
12918,ACC_0105
12919,ACC_0106
12920,ACC_0106
12921,ACC_0106
12922,ACC_0106
12923,ACC_0106
12924,ACC_0107
12925,ACC_0107
12926,ACC_0107
12927,ACC_0107
12928,ACC_0107
12929,ACC_0107
12930,ACC_0107
12931,ACC_0107
12932,ACC_0107
12933,ACC_0108
12934,ACC_0108
12935,ACC_0108
12936,ACC_0108
12937,ACC_0108
12938,ACC_0108
12939,ACC_0108
12940,ACC_0109
12941,ACC_0109
12942,ACC_0109
12943,ACC_0110
12944,ACC_0110
12945,ACC_0111
12946,ACC_0111
12947,ACC_0111
12948,ACC_0112
12949,ACC_0112
12950,ACC_0112
12951,ACC_0112
12952,ACC_0112
12953,ACC_0112
12954,ACC_0112
12955,ACC_0112
12956,ACC_0112
12957,ACC_0112
12958,ACC_0112
12959,ACC_0112
12960,ACC_0112
12961,ACC_0112
12962,ACC_0113
12963,ACC_0113
12964,ACC_0113
12965,ACC_0114
12966,ACC_0114
12967,ACC_0114
12968,ACC_0114
12969,ACC_0114
12970,ACC_0114
12971,ACC_0115
12972,ACC_0115
12973,ACC_0115
12974,ACC_0115
12975,ACC_0115
12976,ACC_0115
12977,ACC_0116
12978,ACC_0116
12979,ACC_0116
12980,ACC_0116
12981,ACC_0116
12982,ACC_0116
12983,ACC_0116
12984,ACC_0116
12985,ACC_0116
12986,ACC_0117
12987,ACC_0117
12988,ACC_0117
12989,ACC_0117
12990,ACC_0118
12991,ACC_0118
12992,ACC_0119
12993,ACC_0119
12994,ACC_0119
12995,ACC_0119
12996,ACC_0119
12997,ACC_0119
12998,ACC_0119
12999,ACC_0119
13000,ACC_0119
13001,ACC_0119
13002,ACC_0119
13003,ACC_0119
13004,ACC_0119
13005,ACC_0119
13006,ACC_0119
13007,ACC_0119
13008,ACC_0119
13009,ACC_0119
13010,ACC_0120
13011,ACC_0120
13012,ACC_0120
13013,ACC_0120
13014,ACC_0120
13015,ACC_0120
13016,ACC_0121
13017,ACC_0121
13018,ACC_0121
13019,ACC_0121
13020,ACC_0121
13021,ACC_0121
13022,ACC_0121
13023,ACC_0121
13024,ACC_0121
13025,ACC_0122
13026,ACC_0122
13027,ACC_0122
13028,ACC_0122
13029,ACC_0122
13030,ACC_0122
13031,ACC_0123
13032,ACC_0123
13033,ACC_0124
13034,ACC_0124
13035,ACC_0124
13036,ACC_0124
13037,ACC_0124
13038,ACC_0125
13039,ACC_0125
13040,ACC_0125
13041,ACC_0125
13042,ACC_0125
13043,ACC_0125
13044,ACC_0126
13045,ACC_0126
13046,ACC_0127
13047,ACC_0127
13048,ACC_0128
13049,ACC_0128
13050,ACC_0128
13051,ACC_0128
13052,ACC_0128
13053,ACC_0128
13055,ACC_0129
13056,ACC_0129
13057,ACC_0130
13058,ACC_0130
13059,ACC_0130
13060,ACC_0130
13061,ACC_0130
13062,ACC_0130
13063,ACC_0131
13064,ACC_0131
13065,ACC_0131
13066,ACC_0132
13067,ACC_0132
13068,ACC_0132
13069,ACC_0132
13070,ACC_0132
13071,ACC_0132
13072,ACC_0132
13073,ACC_0132
13074,ACC_0132
13075,ACC_0132
13076,ACC_0132
13077,ACC_0132
13078,ACC_0133
13079,ACC_0133
13080,ACC_0133
13081,ACC_0134
13082,ACC_0134
13083,ACC_0134
13084,ACC_0134
13085,ACC_0134
13086,ACC_0134
13087,ACC_0134
13088,ACC_0134
13089,ACC_0134
13090,ACC_0135
13091,ACC_0135
13092,ACC_0135
13093,ACC_0135
13094,ACC_0135
13095,ACC_0135
13096,ACC_0135
13097,ACC_0135
13098,ACC_0135
13099,ACC_0135
13101,ACC_0135
13102,ACC_0135
13103,ACC_0135
13104,ACC_0135
13105,ACC_0135
13106,ACC_0135
13107,ACC_0135
13108,ACC_0135
13109,ACC_0135
13110,ACC_0135
13111,ACC_0135
13112,ACC_0135
13113,ACC_0135
13114,ACC_0136
13115,ACC_0136
13116,ACC_0136
13117,ACC_0136
13118,ACC_0137
13119,ACC_0137
13120,ACC_0138
13121,ACC_0138
13122,ACC_0138
13123,ACC_0139
13124,ACC_0139
13125,ACC_0139
13126,ACC_0139
13127,ACC_0139
13128,ACC_0139
13129,ACC_0140
13130,ACC_0140
13131,ACC_0141
13132,ACC_0141
13133,ACC_0141
13134,ACC_0141
13135,ACC_0141
13136,ACC_0142
13137,ACC_0142
13138,ACC_0142
13139,ACC_0142
13140,ACC_0143
13141,ACC_0143
13142,ACC_0143
13143,ACC_0143
13144,ACC_0143
13145,ACC_0143
13146,ACC_0143
13147,ACC_0144
13148,ACC_0144
13149,ACC_0144
13150,ACC_0144
13151,ACC_0144
13152,ACC_0145
13153,ACC_0145
13154,ACC_0145
13155,ACC_0145
13156,ACC_0146
13157,ACC_0146
13158,ACC_0146
13159,ACC_0146
13160,ACC_0146
13161,ACC_0146
13162,ACC_0146
13163,ACC_0146
13164,ACC_0147
13165,ACC_0147
13166,ACC_0147
13167,ACC_0147
13168,ACC_0147
13169,ACC_0147
13170,ACC_0148
13171,ACC_0148
13172,ACC_0148
13173,ACC_0149
13174,ACC_0149
13175,ACC_0149
13176,ACC_0150
13177,ACC_0150
13178,ACC_0150
13179,ACC_0150
13180,ACC_0150
13181,ACC_0150
13182,ACC_0151
13183,ACC_0151
13184,ACC_0151
13185,ACC_0151
13186,ACC_0151
13187,ACC_0151
13188,ACC_0151
13189,ACC_0151
13190,ACC_0151
13191,ACC_0151
13192,ACC_0151
13193,ACC_0152
13194,ACC_0152
13195,ACC_0153
13196,ACC_0153
13197,ACC_0153
13198,ACC_0153
13199,ACC_0153
13200,ACC_0153
13201,ACC_0154
13202,ACC_0154
13203,ACC_0155
13204,ACC_0155
13205,ACC_0156
13206,ACC_0156
13207,ACC_0156
13208,ACC_0156
13209,ACC_0156
13210,ACC_0156
13211,ACC_0157
13212,ACC_0157
13213,ACC_0157
13214,ACC_0157
13215,ACC_0157
13216,ACC_0157
13217,ACC_0157
13218,ACC_0157
13219,ACC_0157
13220,ACC_0157
13221,ACC_0157
13222,ACC_0157
13223,ACC_0157
13224,ACC_0158
13225,ACC_0158
13226,ACC_0158
13227,ACC_0158
13228,ACC_0158
13229,ACC_0158
13230,ACC_0159
13232,ACC_0159
13233,ACC_0159
13234,ACC_0159
13235,ACC_0159
13236,ACC_0159
13237,ACC_0159
13238,ACC_0159
13239,ACC_0159
13240,ACC_0159
13241,ACC_0159
13242,ACC_0159
13243,ACC_0159
13244,ACC_0159
13245,ACC_0160
13246,ACC_0160
13247,ACC_0161
13248,ACC_0161
13249,ACC_0161
13250,ACC_0161
13251,ACC_0161
13252,ACC_0161
13253,ACC_0161
13254,ACC_0161
13255,ACC_0161
13257,ACC_0162
13258,ACC_0162
13259,ACC_0162
13260,ACC_0162
13261,ACC_0162
13262,ACC_0163
13263,ACC_0163
13264,ACC_0163
13265,ACC_0163
13266,ACC_0163
13267,ACC_0164
13268,ACC_0164
13269,ACC_0164
13270,ACC_0164
13271,ACC_0164
13272,ACC_0164
13273,ACC_0164
13274,ACC_0164
13275,ACC_0164
13276,ACC_0164
13277,ACC_0164
13278,ACC_0164
13279,ACC_0165
13280,ACC_0165
13281,ACC_0165
13282,ACC_0166
13283,ACC_0166
13284,ACC_0166
13285,ACC_0166
13286,ACC_0167
13287,ACC_0167
13288,ACC_0168
13289,ACC_0168
13290,ACC_0168
13291,ACC_0168
13292,ACC_0168
13293,ACC_0168
13294,ACC_0168
13295,ACC_0168
13296,ACC_0168
13297,ACC_0168
13298,ACC_0168
13299,ACC_0168
13300,ACC_0169
13301,ACC_0169
13302,ACC_0169
13303,ACC_0169
13304,ACC_0170
13305,ACC_0170
13306,ACC_0170
13307,ACC_0171
13308,ACC_0171
13309,ACC_0171
13310,ACC_0171
13311,ACC_0171
13312,ACC_0171
13313,ACC_0172
13314,ACC_0172
13315,ACC_0172
13316,ACC_0172
13317,ACC_0172
13318,ACC_0172
13319,ACC_0173
13320,ACC_0173
13321,ACC_0173
13322,ACC_0173
13323,ACC_0174
13324,ACC_0174
13325,ACC_0174
13326,ACC_0174
13327,ACC_0175
13328,ACC_0175
13329,ACC_0175
13330,ACC_0175
13331,ACC_0175
13332,ACC_0175
13333,ACC_0175
13334,ACC_0175
13336,ACC_0175
13337,ACC_0176
13338,ACC_0176
13339,ACC_0176
13340,ACC_0177
13341,ACC_0177
13343,ACC_0177
13344,ACC_0177
13345,ACC_0177
13346,ACC_0177
13347,ACC_0177
13348,ACC_0177
13349,ACC_0177
13350,ACC_0177
13351,ACC_0177
13352,ACC_0177
13354,ACC_0178
13355,ACC_0178
13356,ACC_0179
13357,ACC_0179
13358,ACC_0179
13359,ACC_0179
13360,ACC_0180
13361,ACC_0180
13362,ACC_0181
13363,ACC_0181
13364,ACC_0182
13365,ACC_0182
13366,ACC_0183
13367,ACC_0183
13368,ACC_0183
13369,ACC_0183
13370,ACC_0184
13371,ACC_0184
13372,ACC_0184
13373,ACC_0184
13374,ACC_0184
13375,ACC_0185
13376,ACC_0185
13377,ACC_0185
13379,ACC_0185
13380,ACC_0185
13381,ACC_0185
13382,ACC_0186
13383,ACC_0186
13384,ACC_0186
13385,ACC_0186
13386,ACC_0186
13387,ACC_0186
13388,ACC_0186
13389,ACC_0186
13390,ACC_0186
13391,ACC_0186
13392,ACC_0186
13393,ACC_0187
13394,ACC_0187
13395,ACC_0187
13396,ACC_0187
13397,ACC_0187
13398,ACC_0187
13399,ACC_0187
13400,ACC_0187
13402,ACC_0187
13403,ACC_0187
13404,ACC_0187
13405,ACC_0188
13406,ACC_0188
13407,ACC_0189
13408,ACC_0189
13410,ACC_0189
13411,ACC_0190
13412,ACC_0190
13413,ACC_0190
13414,ACC_0191
13415,ACC_0191
13416,ACC_0191
13417,ACC_0192
13418,ACC_0192
13419,ACC_0193
13420,ACC_0193
13421,ACC_0193
13422,ACC_0193
13423,ACC_0193
13424,ACC_0193
13425,ACC_0194
13426,ACC_0194
13427,ACC_0194
13428,ACC_0194
13429,ACC_0194
13430,ACC_0194
13431,ACC_0194
13432,ACC_0195
13433,ACC_0195
13434,ACC_0195
13435,ACC_0195
13436,ACC_0196
13437,ACC_0196
13438,ACC_0196
13439,ACC_0196
13440,ACC_0196
13441,ACC_0196
13442,ACC_0197
13443,ACC_0197
13444,ACC_0197
13445,ACC_0197
13446,ACC_0197
13447,ACC_0197
13448,ACC_0197
13449,ACC_0197
13450,ACC_0197
13451,ACC_0197
13452,ACC_0197
13453,ACC_0197
13454,ACC_0197
13455,ACC_0197
13456,ACC_0198
13457,ACC_0198
13458,ACC_0198
13459,ACC_0198
13460,ACC_0198
13461,ACC_0198
13462,ACC_0198
13464,ACC_0198
13465,ACC_0198
13466,ACC_0198
13467,ACC_0198
13468,ACC_0198
13469,ACC_0198
13470,ACC_0198
13471,ACC_0198
13472,ACC_0198
13473,ACC_0198
13474,ACC_0198
13475,ACC_0198
13476,ACC_0198
13477,ACC_0198
13478,ACC_0198
13479,ACC_0198
13480,ACC_0198
13481,ACC_0198
13482,ACC_0198
13483,ACC_0198
13484,ACC_0198
13485,ACC_0198
13486,ACC_0199
13487,ACC_0199
13488,ACC_0199
13489,ACC_0199
13490,ACC_0199
13491,ACC_0199
13492,ACC_0199
13493,ACC_0199
13494,ACC_0199
13495,ACC_0199
13496,ACC_0199
13497,ACC_0199
13498,ACC_0200
13499,ACC_0200
13500,ACC_0200
13501,ACC_0200
13502,ACC_0200
13503,ACC_0201
13504,ACC_0201
13505,ACC_0201
13506,ACC_0201
13507,ACC_0201
13508,ACC_0201
13509,ACC_0201
13510,ACC_0201
13511,ACC_0201
13512,ACC_0201
13513,ACC_0201
13514,ACC_0201
13515,ACC_0201
13516,ACC_0202
13517,ACC_0202
13518,ACC_0203
13519,ACC_0203
13520,ACC_0203
13521,ACC_0203
13522,ACC_0203
13523,ACC_0203
13524,ACC_0204
13525,ACC_0204
13526,ACC_0204
13527,ACC_0204
13529,ACC_0204
13530,ACC_0204
13531,ACC_0205
13532,ACC_0205
13533,ACC_0205
13534,ACC_0205
13535,ACC_0205
13536,ACC_0206
13537,ACC_0206
13538,ACC_0206
13539,ACC_0206
13540,ACC_0206
13541,ACC_0207
13542,ACC_0207
13543,ACC_0207
13544,ACC_0207
13545,ACC_0208
13546,ACC_0208
13547,ACC_0208
13548,ACC_0208
13549,ACC_0209
13550,ACC_0209
13551,ACC_0209
13552,ACC_0210
13553,ACC_0210
13554,ACC_0210
13555,ACC_0211
13556,ACC_0211
13557,ACC_0211
13558,ACC_0211
13559,ACC_0212
13560,ACC_0212
13561,ACC_0212
13562,ACC_0213
13563,ACC_0213
13564,ACC_0213
13565,ACC_0213
13566,ACC_0213
13567,ACC_0214
13568,ACC_0214
13569,ACC_0214
13570,ACC_0214
13571,ACC_0214
13572,ACC_0214
13573,ACC_0214
13574,ACC_0214
13575,ACC_0214
13576,ACC_0214
13577,ACC_0214
13578,ACC_0214
13579,ACC_0214
13580,ACC_0214
13581,ACC_0214
13582,ACC_0215
13583,ACC_0215
13584,ACC_0215
13585,ACC_0215
13586,ACC_0215
13587,ACC_0216
13588,ACC_0216
13589,ACC_0216
13590,ACC_0217
13591,ACC_0217
13592,ACC_0217
13593,ACC_0217
13594,ACC_0217
13595,ACC_0217
13596,ACC_0217
13597,ACC_0217
13598,ACC_0217
13599,ACC_0217
13600,ACC_0217
13601,ACC_0218
13602,ACC_0218
13603,ACC_0218
13604,ACC_0218
13605,ACC_0218
13606,ACC_0218
13607,ACC_0218
13608,ACC_0218
13609,ACC_0218
13610,ACC_0218
13611,ACC_0218
13612,ACC_0218
13613,ACC_0219
13614,ACC_0219
13615,ACC_0219
13616,ACC_0219
13617,ACC_0219
13618,ACC_0220
13619,ACC_0220
13620,ACC_0220
13621,ACC_0220
13622,ACC_0220
13623,ACC_0221
13624,ACC_0221
13625,ACC_0222
13626,ACC_0222
13627,ACC_0222
13628,ACC_0223
13629,ACC_0223
13630,ACC_0223
13631,ACC_0223
13632,ACC_0223
13634,ACC_0223
13635,ACC_0223
13636,ACC_0223
13637,ACC_0223
13638,ACC_0223
13639,ACC_0223
13640,ACC_0223
13641,ACC_0223
13642,ACC_0223
13643,ACC_0223
13644,ACC_0224
13645,ACC_0224
13646,ACC_0225
13647,ACC_0225
13648,ACC_0225
13649,ACC_0225
13650,ACC_0225
13651,ACC_0226
13652,ACC_0226
13653,ACC_0226
13654,ACC_0226
13655,ACC_0226
13656,ACC_0227
13657,ACC_0227
13658,ACC_0227
13659,ACC_0227
13660,ACC_0227
13661,ACC_0227
13662,ACC_0227
13663,ACC_0227
13665,ACC_0227
13666,ACC_0227
13667,ACC_0227
13668,ACC_0227
13669,ACC_0227
13670,ACC_0228
13671,ACC_0228
13672,ACC_0228
13673,ACC_0228
13674,ACC_0228
13675,ACC_0228
13676,ACC_0228
13677,ACC_0228
13678,ACC_0228
13679,ACC_0228
13680,ACC_0228
13681,ACC_0228
13682,ACC_0228
13683,ACC_0228
13684,ACC_0228
13685,ACC_0228
13686,ACC_0228
13687,ACC_0228
13688,ACC_0229
13689,ACC_0229
13690,ACC_0229
13691,ACC_0229
13692,ACC_0229
13693,ACC_0229
13694,ACC_0229
13695,ACC_0229
13696,ACC_0229
13697,ACC_0229
13698,ACC_0230
13699,ACC_0230
13700,ACC_0230
13701,ACC_0230
13702,ACC_0230
13703,ACC_0230
13704,ACC_0230
13705,ACC_0230
13706,ACC_0230
13707,ACC_0230
13708,ACC_0230
13709,ACC_0230
13710,ACC_0231
13711,ACC_0231
13712,ACC_0231
13713,ACC_0231
13714,ACC_0231
13715,ACC_0231
13716,ACC_0231
13717,ACC_0231
13718,ACC_0231
13719,ACC_0231
13720,ACC_0231
13721,ACC_0231
13722,ACC_0231
13723,ACC_0231
13724,ACC_0231
13725,ACC_0232
13726,ACC_0232
13727,ACC_0232
13728,ACC_0232
13729,ACC_0232
13730,ACC_0232
13731,ACC_0233
13732,ACC_0233
13733,ACC_0234
13734,ACC_0234
13735,ACC_0235
13736,ACC_0235
13737,ACC_0236
13738,ACC_0236
13739,ACC_0236
13740,ACC_0236
13741,ACC_0237
13742,ACC_0237
13743,ACC_0237
13744,ACC_0237
13745,ACC_0237
13746,ACC_0238
13747,ACC_0238
13748,ACC_0238
13750,ACC_0238
13751,ACC_0238
13752,ACC_0238
13753,ACC_0238
13754,ACC_0238
13755,ACC_0238
13756,ACC_0238
13757,ACC_0238
13758,ACC_0239
13759,ACC_0239
13760,ACC_0239
13761,ACC_0239
13762,ACC_0239
13763,ACC_0239
13764,ACC_0239
13765,ACC_0239
13766,ACC_0239
13767,ACC_0239
13768,ACC_0239
13769,ACC_0240
13770,ACC_0240
13771,ACC_0240
13772,ACC_0240
13773,ACC_0241
13774,ACC_0241
13775,ACC_0241
13776,ACC_0241
13777,ACC_0241
13778,ACC_0241
13779,ACC_0241
13780,ACC_0241
13781,ACC_0241
13782,ACC_0241
13783,ACC_0241
13784,ACC_0241
13785,ACC_0241
13786,ACC_0241
13787,ACC_0242
13788,ACC_0242
13789,ACC_0243
13790,ACC_0243
13791,ACC_0243
13792,ACC_0243
13793,ACC_0244
13794,ACC_0244
13795,ACC_0244
13796,ACC_0244
13797,ACC_0244
13798,ACC_0245
13799,ACC_0245
13800,ACC_0245
13801,ACC_0245
13802,ACC_0245
13803,ACC_0245
13804,ACC_0245
13805,ACC_0245
13806,ACC_0246
13807,ACC_0246
13808,ACC_0246
13809,ACC_0246
13810,ACC_0246
13811,ACC_0247
13812,ACC_0247
13813,ACC_0247
13814,ACC_0247
13815,ACC_0247
13816,ACC_0247
13817,ACC_0247
13818,ACC_0247
13819,ACC_0247
13820,ACC_0247
13821,ACC_0247
13822,ACC_0247
13823,ACC_0247
13824,ACC_0247
13825,ACC_0248
13826,ACC_0248
13827,ACC_0248
13828,ACC_0248
13829,ACC_0248
13830,ACC_0249
13831,ACC_0249
13832,ACC_0249
13833,ACC_0249
13834,ACC_0250
13835,ACC_0250
13836,ACC_0250
13837,ACC_0251
13838,ACC_0251
13839,ACC_0252
13840,ACC_0252
13841,ACC_0252
13842,ACC_0252
13843,ACC_0252
13844,ACC_0252
13845,ACC_0253
13846,ACC_0253
13847,ACC_0254
13848,ACC_0254
13849,ACC_0254
13850,ACC_0254
13851,ACC_0254
13852,ACC_0255
13853,ACC_0255
13854,ACC_0255
13855,ACC_0255
13856,ACC_0255
13857,ACC_0255
13858,ACC_0255
13859,ACC_0255
13860,ACC_0255
13861,ACC_0255
13862,ACC_0256
13863,ACC_0256
13864,ACC_0256
13865,ACC_0256
13866,ACC_0256
13867,ACC_0257
13868,ACC_0257
13869,ACC_0257
13870,ACC_0257
13871,ACC_0257
13872,ACC_0258
13873,ACC_0258
13874,ACC_0258
13875,ACC_0258
13876,ACC_0258
13877,ACC_0258
13878,ACC_0259
13879,ACC_0259
13880,ACC_0259
13881,ACC_0259
13882,ACC_0259
13883,ACC_0259
13884,ACC_0259
13885,ACC_0259
13886,ACC_0259
13887,ACC_0259
13888,ACC_0259
13889,ACC_0259
13890,ACC_0259
13891,ACC_0259
13892,ACC_0259
13893,ACC_0259
13894,ACC_0259
13895,ACC_0259
13896,ACC_0259
13897,ACC_0259
13898,ACC_0259
13899,ACC_0259
13900,ACC_0260
13901,ACC_0260
13902,ACC_0260
13903,ACC_0260
13904,ACC_0260
13905,ACC_0260
13906,ACC_0260
13907,ACC_0260
13908,ACC_0261
13909,ACC_0261
13911,ACC_0262
13912,ACC_0262
13913,ACC_0263
13914,ACC_0263
13915,ACC_0263
13916,ACC_0263
13917,ACC_0264
13918,ACC_0264
13919,ACC_0265
13920,ACC_0265
13921,ACC_0265
13922,ACC_0265
13923,ACC_0265
13924,ACC_0265
13925,ACC_0265
13926,ACC_0265
13927,ACC_0265
13928,ACC_0265
13929,ACC_0266
13930,ACC_0266
13931,ACC_0266
13932,ACC_0267
13933,ACC_0267
13934,ACC_0268
13935,ACC_0268
13936,ACC_0268
13937,ACC_0268
13938,ACC_0268
13939,ACC_0268
13940,ACC_0268
13941,ACC_0268
13942,ACC_0268
13943,ACC_0269
13944,ACC_0269
13945,ACC_0269
13946,ACC_0269
13947,ACC_0269
13948,ACC_0269
13949,ACC_0269
13950,ACC_0269
13951,ACC_0269
13952,ACC_0269
13953,ACC_0269
13954,ACC_0270
13955,ACC_0270
13956,ACC_0270
13957,ACC_0270
13958,ACC_0270
13959,ACC_0270
13960,ACC_0270
13961,ACC_0270
13962,ACC_0270
13963,ACC_0270
13964,ACC_0270
13965,ACC_0270
13966,ACC_0270
13967,ACC_0270
13968,ACC_0270
13969,ACC_0270
13970,ACC_0270
13971,ACC_0271
13972,ACC_0271
13973,ACC_0271
13974,ACC_0271
13975,ACC_0271
13976,ACC_0271
13977,ACC_0271
13978,ACC_0271
13979,ACC_0271
13980,ACC_0271
13981,ACC_0271
13982,ACC_0271
13983,ACC_0271
13984,ACC_0272
13985,ACC_0272
13986,ACC_0272
13987,ACC_0272
13988,ACC_0272
13989,ACC_0272
13990,ACC_0272
13991,ACC_0272
13992,ACC_0272
13993,ACC_0273
13994,ACC_0273
13995,ACC_0273
13996,ACC_0273
13997,ACC_0273
13998,ACC_0274
13999,ACC_0274
14000,ACC_0274
14001,ACC_0274
14002,ACC_0274
14003,ACC_0274
14004,ACC_0275
14005,ACC_0275
14006,ACC_0275
14007,ACC_0275
14008,ACC_0275
14009,ACC_0276
14010,ACC_0276
14011,ACC_0276
14012,ACC_0276
14013,ACC_0276
14014,ACC_0276
14015,ACC_0276
14016,ACC_0277
14017,ACC_0277
14018,ACC_0277
14019,ACC_0278
14020,ACC_0278
14021,ACC_0278
14022,ACC_0279
14023,ACC_0279
14024,ACC_0279
14025,ACC_0279
14026,ACC_0279
14027,ACC_0279
14028,ACC_0279
14029,ACC_0279
14030,ACC_0279
14031,ACC_0279
14032,ACC_0279
14033,ACC_0279
14034,ACC_0279
14035,ACC_0279
14036,ACC_0280
14037,ACC_0280
14038,ACC_0280
14039,ACC_0280
14040,ACC_0280
14041,ACC_0280
14042,ACC_0280
14043,ACC_0280
14044,ACC_0281
14045,ACC_0281
14046,ACC_0281
14047,ACC_0281
14048,ACC_0281
14049,ACC_0281
14050,ACC_0282
14051,ACC_0282
14052,ACC_0283
14053,ACC_0283
14054,ACC_0283
14055,ACC_0283
14056,ACC_0283
14057,ACC_0283
14058,ACC_0284
14059,ACC_0284
14060,ACC_0284
14061,ACC_0284
14062,ACC_0284
14063,ACC_0284
14064,ACC_0284
14065,ACC_0284
14066,ACC_0284
14067,ACC_0284
14068,ACC_0284
14069,ACC_0284
14070,ACC_0285
14071,ACC_0285
14072,ACC_0285
14073,ACC_0286
14074,ACC_0286
14075,ACC_0286
14076,ACC_0286
14077,ACC_0286
14078,ACC_0286
14079,ACC_0287
14080,ACC_0287
14081,ACC_0287
14082,ACC_0287
14083,ACC_0287
14084,ACC_0287
14085,ACC_0287
14086,ACC_0287
14087,ACC_0287
14088,ACC_0287
14089,ACC_0287
14090,ACC_0287
14091,ACC_0287
14092,ACC_0287
14093,ACC_0287
14094,ACC_0288
14095,ACC_0288
14096,ACC_0288
14097,ACC_0288
14098,ACC_0288
14099,ACC_0288
14100,ACC_0288
14101,ACC_0288
14102,ACC_0288
14104,ACC_0288
14105,ACC_0288
14106,ACC_0288
14107,ACC_0288
14108,ACC_0288
14109,ACC_0288
14110,ACC_0289
14111,ACC_0289
14112,ACC_0289
14113,ACC_0289
14114,ACC_0289
14115,ACC_0289
14116,ACC_0290
14117,ACC_0290
14118,ACC_0290
14119,ACC_0290
14121,ACC_0290
14122,ACC_0290
14123,ACC_0291
14124,ACC_0291
14125,ACC_0292
14126,ACC_0292
14127,ACC_0293
14128,ACC_0293
14129,ACC_0293
14130,ACC_0293
14131,ACC_0294
14132,ACC_0294
14133,ACC_0294
14134,ACC_0294
14135,ACC_0294
14136,ACC_0294
14137,ACC_0294
14138,ACC_0294
14139,ACC_0294
14140,ACC_0294
14141,ACC_0294
14142,ACC_0294
14143,ACC_0295
14144,ACC_0295
14145,ACC_0295
14146,ACC_0295
14147,ACC_0295
14148,ACC_0295
14149,ACC_0296
14150,ACC_0296
14151,ACC_0296
14152,ACC_0296
14153,ACC_0296
14154,ACC_0297
14155,ACC_0297
14156,ACC_0298
14157,ACC_0298
14158,ACC_0298
14159,ACC_0298
14160,ACC_0298
14161,ACC_0298
14162,ACC_0298
14163,ACC_0298
14164,ACC_0298
14165,ACC_0298
14166,ACC_0298
14167,ACC_0298
14168,ACC_0298
14169,ACC_0298
14170,ACC_0298
14171,ACC_0298
14172,ACC_0298
14173,ACC_0298
14174,ACC_0298
14175,ACC_0298
14176,ACC_0298
14177,ACC_0298
14178,ACC_0298
14179,ACC_0298
14180,ACC_0298
14181,ACC_0298
14182,ACC_0299
14183,ACC_0299
14184,ACC_0299
14185,ACC_0299
14186,ACC_0300
14187,ACC_0300
14188,ACC_0301
14189,ACC_0301
14190,ACC_0301
14191,ACC_0302
14192,ACC_0302
14193,ACC_0302
14194,ACC_0302
14195,ACC_0302
14196,ACC_0302
14197,ACC_0303
14198,ACC_0303
14199,ACC_0303
14200,ACC_0304
14201,ACC_0304
14202,ACC_0305
14203,ACC_0305
14204,ACC_0305
14205,ACC_0305
14206,ACC_0305
14207,ACC_0305
14208,ACC_0305
14209,ACC_0305
14210,ACC_0305
14211,ACC_0305
14212,ACC_0305
14213,ACC_0305
14214,ACC_0305
14215,ACC_0305
14216,ACC_0305
14217,ACC_0305
14218,ACC_0305
14219,ACC_0305
14220,ACC_0305
14221,ACC_0305
14222,ACC_0305
14223,ACC_0305
14224,ACC_0305
14225,ACC_0305
14226,ACC_0306
14227,ACC_0306
14228,ACC_0306
14229,ACC_0306
14230,ACC_0306
14231,ACC_0306
14232,ACC_0306
14233,ACC_0306
14234,ACC_0306
14235,ACC_0306
14236,ACC_0306
14237,ACC_0307
14238,ACC_0307
14239,ACC_0307
14240,ACC_0307
14241,ACC_0307
14242,ACC_0307
14243,ACC_0308
14244,ACC_0308
14245,ACC_0308
14246,ACC_0308
14247,ACC_0309
14248,ACC_0309
14249,ACC_0309
14250,ACC_0309
14251,ACC_0309
14252,ACC_0309
14253,ACC_0309
14254,ACC_0309
14255,ACC_0309
14256,ACC_0309
14257,ACC_0309
14258,ACC_0310
14259,ACC_0310
14260,ACC_0310
14261,ACC_0311
14262,ACC_0311
14263,ACC_0311
14264,ACC_0312
14265,ACC_0312
14266,ACC_0312
14267,ACC_0312
14268,ACC_0312
14269,ACC_0312
14270,ACC_0312
14271,ACC_0312
14272,ACC_0312
14273,ACC_0312
14274,ACC_0312
14275,ACC_0312
14276,ACC_0313
14277,ACC_0313
14278,ACC_0313
14279,ACC_0313
14280,ACC_0314
14281,ACC_0314
14282,ACC_0314
14283,ACC_0314
14284,ACC_0315
14285,ACC_0315
14286,ACC_0316
14287,ACC_0316
14288,ACC_0317
14289,ACC_0317
14290,ACC_0318
14291,ACC_0318
14292,ACC_0318
14293,ACC_0319
14294,ACC_0319
14295,ACC_0319
14296,ACC_0319
14297,ACC_0320
14298,ACC_0320
14299,ACC_0320
14300,ACC_0320
14301,ACC_0320
14302,ACC_0321
14303,ACC_0321
14304,ACC_0321
14305,ACC_0321
14306,ACC_0321
14307,ACC_0321
14308,ACC_0322
14309,ACC_0322
14310,ACC_0322
14311,ACC_0323
14312,ACC_0323
14314,ACC_0323
14315,ACC_0323
14316,ACC_0323
14317,ACC_0323
14318,ACC_0324
14319,ACC_0324
14320,ACC_0325
14321,ACC_0325
14322,ACC_0326
14323,ACC_0326
14324,ACC_0326
14325,ACC_0327
14326,ACC_0327
14327,ACC_0327
14328,ACC_0327
14329,ACC_0328
14330,ACC_0328
14331,ACC_0328
14332,ACC_0328
14333,ACC_0328
14334,ACC_0329
14335,ACC_0329
14336,ACC_0329
14338,ACC_0329
14339,ACC_0329
14340,ACC_0330
14341,ACC_0330
14342,ACC_0330
14343,ACC_0330
14344,ACC_0330
14345,ACC_0330
14346,ACC_0330
14347,ACC_0330
14348,ACC_0330
14349,ACC_0331
14350,ACC_0331
14351,ACC_0332
14352,ACC_0332
14353,ACC_0332
14354,ACC_0332
14355,ACC_0333
14356,ACC_0333
14357,ACC_0333
14358,ACC_0333
14359,ACC_0333
14360,ACC_0333
14361,ACC_0334
14362,ACC_0334
14363,ACC_0334
14364,ACC_0334
14365,ACC_0335
14366,ACC_0335
14367,ACC_0335
14368,ACC_0335
14369,ACC_0335
14370,ACC_0335
14371,ACC_0335
14372,ACC_0335
14373,ACC_0336
14374,ACC_0336
14375,ACC_0336
14376,ACC_0336
14377,ACC_0336
14378,ACC_0336
14379,ACC_0337
14380,ACC_0337
14381,ACC_0337
14382,ACC_0338
14383,ACC_0338
14384,ACC_0338
14385,ACC_0338
14386,ACC_0338
14387,ACC_0339
14388,ACC_0339
14389,ACC_0339
14390,ACC_0339
14391,ACC_0339
14392,ACC_0339
14393,ACC_0339
14394,ACC_0339
14395,ACC_0339
14396,ACC_0339
14397,ACC_0340
14398,ACC_0340
14399,ACC_0340
14400,ACC_0340
14401,ACC_0341
14402,ACC_0341
14403,ACC_0341
14404,ACC_0341
14405,ACC_0341
14406,ACC_0341
14407,ACC_0342
14408,ACC_0342
14409,ACC_0342
14410,ACC_0342
14411,ACC_0342
14412,ACC_0342
14413,ACC_0343
14414,ACC_0343
14415,ACC_0343
14416,ACC_0343
14417,ACC_0344
14418,ACC_0344
14419,ACC_0344
14420,ACC_0345
14421,ACC_0345
14422,ACC_0346
14423,ACC_0346
14424,ACC_0346
14425,ACC_0346
14426,ACC_0346
14427,ACC_0347
14428,ACC_0347
14429,ACC_0347
14430,ACC_0347
14431,ACC_0347
14432,ACC_0347
14433,ACC_0347
14434,ACC_0347
14435,ACC_0347
14436,ACC_0347
14437,ACC_0347
14438,ACC_0347
14439,ACC_0347
14440,ACC_0348
14441,ACC_0348
14442,ACC_0348
14443,ACC_0348
14444,ACC_0348
14445,ACC_0348
14446,ACC_0349
14447,ACC_0349
14448,ACC_0349
14449,ACC_0350
14450,ACC_0350
14451,ACC_0350
14452,ACC_0350
14453,ACC_0350
14454,ACC_0351
14455,ACC_0351
14456,ACC_0351
14457,ACC_0351
14458,ACC_0352
14459,ACC_0352
14460,ACC_0352
14461,ACC_0352
14462,ACC_0352
14463,ACC_0352
14464,ACC_0352
14465,ACC_0352
14466,ACC_0352
14467,ACC_0352
14468,ACC_0352
14469,ACC_0352
14470,ACC_0352
14471,ACC_0352
14472,ACC_0352
14473,ACC_0352
14474,ACC_0352
14475,ACC_0352
14476,ACC_0352
14477,ACC_0352
14478,ACC_0352
14479,ACC_0352
14480,ACC_0352
14481,ACC_0352
14482,ACC_0352
14483,ACC_0352
14484,ACC_0352
14485,ACC_0352
14486,ACC_0352
14487,ACC_0352
14488,ACC_0353
14489,ACC_0353
14490,ACC_0353
14491,ACC_0353
14492,ACC_0353
14493,ACC_0353
14494,ACC_0353
14495,ACC_0353
14496,ACC_0353
14497,ACC_0353
14498,ACC_0354
14499,ACC_0354
14500,ACC_0354
14501,ACC_0355
14502,ACC_0355
14503,ACC_0355
14504,ACC_0355
14505,ACC_0355
14506,ACC_0356
14507,ACC_0356
14508,ACC_0356
14509,ACC_0357
14510,ACC_0357
14511,ACC_0357
14512,ACC_0357
14513,ACC_0357
14514,ACC_0358
14515,ACC_0358
14516,ACC_0358
14517,ACC_0359
14518,ACC_0359
14519,ACC_0359
14520,ACC_0359
14521,ACC_0359
14522,ACC_0360
14523,ACC_0360
14524,ACC_0360
14525,ACC_0360
14526,ACC_0360
14527,ACC_0360
14528,ACC_0360
14529,ACC_0360
14530,ACC_0361
14531,ACC_0361
14532,ACC_0361
14533,ACC_0361
14534,ACC_0361
14535,ACC_0361
14536,ACC_0361
14537,ACC_0361
14538,ACC_0361
14539,ACC_0361
14540,ACC_0361
14541,ACC_0361
14542,ACC_0361
14543,ACC_0361
14544,ACC_0361
14545,ACC_0361
14546,ACC_0361
14547,ACC_0361
14548,ACC_0361
14549,ACC_0361
14550,ACC_0361
14551,ACC_0361
14552,ACC_0361
14553,ACC_0361
14554,ACC_0361
14555,ACC_0361
14556,ACC_0361
14557,ACC_0361
14558,ACC_0361
14559,ACC_0361
14560,ACC_0362
14561,ACC_0362
14562,ACC_0362
14563,ACC_0362
14564,ACC_0362
14565,ACC_0362
14566,ACC_0362
14567,ACC_0362
14568,ACC_0362
14569,ACC_0362
14570,ACC_0362
14571,ACC_0362
14572,ACC_0363
14573,ACC_0363
14574,ACC_0363
14575,ACC_0363
14576,ACC_0363
14577,ACC_0363
14578,ACC_0363
14579,ACC_0363
14580,ACC_0363
14581,ACC_0363
14582,ACC_0363
14583,ACC_0363
14584,ACC_0363
14585,ACC_0363
14586,ACC_0363
14587,ACC_0363
14588,ACC_0363
14589,ACC_0363
14590,ACC_0363
14591,ACC_0363
14592,ACC_0363
14593,ACC_0363
14594,ACC_0363
14595,ACC_0363
14596,ACC_0363
14597,ACC_0364
14598,ACC_0364
14599,ACC_0365
14600,ACC_0365
14601,ACC_0365
14602,ACC_0366
14603,ACC_0366
14604,ACC_0366
14605,ACC_0366
14606,ACC_0366
14607,ACC_0366
14608,ACC_0366
14609,ACC_0367
14610,ACC_0367
14611,ACC_0367
14612,ACC_0367
14613,ACC_0368
14614,ACC_0368
14615,ACC_0368
14616,ACC_0368
14617,ACC_0369
14618,ACC_0369
14619,ACC_0369
14620,ACC_0370
14621,ACC_0370
14622,ACC_0370
14623,ACC_0370
14624,ACC_0370
14625,ACC_0370
14626,ACC_0371
14627,ACC_0371
14628,ACC_0372
14629,ACC_0372
14630,ACC_0372
14631,ACC_0373
14632,ACC_0373
14633,ACC_0373
14634,ACC_0373
14635,ACC_0373
14636,ACC_0374
14637,ACC_0374
14638,ACC_0374
14639,ACC_0374
14640,ACC_0375
14641,ACC_0375
14642,ACC_0375
14643,ACC_0375
14644,ACC_0375
14645,ACC_0375
14646,ACC_0376
14647,ACC_0376
14648,ACC_0376
14649,ACC_0376
14650,ACC_0376
14651,ACC_0376
14652,ACC_0377
14653,ACC_0377
14654,ACC_0377
14655,ACC_0377
14656,ACC_0378
14657,ACC_0378
14658,ACC_0378
14659,ACC_0378
14660,ACC_0378
14661,ACC_0378
14662,ACC_0378
14663,ACC_0378
14664,ACC_0378
14665,ACC_0378
14666,ACC_0378
14667,ACC_0378
14668,ACC_0378
14669,ACC_0379
14670,ACC_0379
14671,ACC_0379
14672,ACC_0379
14673,ACC_0379
14674,ACC_0380
14675,ACC_0380
14676,ACC_0380
14677,ACC_0381
14678,ACC_0381
14679,ACC_0381
14680,ACC_0381
14681,ACC_0381
14682,ACC_0381
14683,ACC_0382
14684,ACC_0382
14685,ACC_0382
14686,ACC_0382
14687,ACC_0382
14688,ACC_0382
14689,ACC_0383
14690,ACC_0383
14691,ACC_0383
14692,ACC_0383
14693,ACC_0383
14694,ACC_0383
14695,ACC_0383
14696,ACC_0383
14697,ACC_0383
14698,ACC_0383
14699,ACC_0383
14700,ACC_0383
14701,ACC_0383
14702,ACC_0384
14703,ACC_0384
14704,ACC_0384
14705,ACC_0384
14706,ACC_0384
14707,ACC_0384
14708,ACC_0385
14709,ACC_0385
14710,ACC_0385
14711,ACC_0385
14712,ACC_0385
14713,ACC_0385
14714,ACC_0385
14715,ACC_0385
14716,ACC_0385
14717,ACC_0386
14718,ACC_0386
14719,ACC_0386
14720,ACC_0386
14721,ACC_0386
14722,ACC_0386
14723,ACC_0386
14724,ACC_0386
14725,ACC_0386
14726,ACC_0386
14727,ACC_0386
14728,ACC_0386
14729,ACC_0387
14730,ACC_0387
14731,ACC_0387
14732,ACC_0387
14733,ACC_0388
14734,ACC_0388
14735,ACC_0388
14736,ACC_0388
14737,ACC_0389
14738,ACC_0389
14739,ACC_0390
14740,ACC_0390
14741,ACC_0390
14742,ACC_0390
14743,ACC_0390
14744,ACC_0390
14745,ACC_0390
14746,ACC_0390
14747,ACC_0390
14748,ACC_0390
14749,ACC_0391
14750,ACC_0391
14751,ACC_0391
14752,ACC_0392
14753,ACC_0392
14754,ACC_0393
14755,ACC_0393
14756,ACC_0393
14757,ACC_0394
14758,ACC_0394
14759,ACC_0394
14760,ACC_0394
14761,ACC_0394
14762,ACC_0394
14764,ACC_0394
14765,ACC_0395
14766,ACC_0395
14767,ACC_0395
14768,ACC_0395
14769,ACC_0396
14770,ACC_0396
14771,ACC_0396
14772,ACC_0397
14773,ACC_0397
14774,ACC_0397
14775,ACC_0397
14776,ACC_0398
14777,ACC_0398
14778,ACC_0398
14779,ACC_0399
14780,ACC_0399
14782,ACC_0399
14783,ACC_0399
14784,ACC_0399
14785,ACC_0400
14786,ACC_0400
14787,ACC_0400
14788,ACC_0400
14789,ACC_0400
14790,ACC_0400
14791,ACC_0401
14792,ACC_0401
14793,ACC_0401
14794,ACC_0401
14795,ACC_0401
14796,ACC_0401
14797,ACC_0402
14798,ACC_0402
14799,ACC_0402
14800,ACC_0402
14801,ACC_0402
14802,ACC_0402
14803,ACC_0402
14804,ACC_0402
14805,ACC_0402
14806,ACC_0402
14807,ACC_0402
14808,ACC_0402
14809,ACC_0402
14810,ACC_0403
14811,ACC_0403
14812,ACC_0403
14813,ACC_0404
14814,ACC_0404
14815,ACC_0404
14816,ACC_0404
14817,ACC_0404
14818,ACC_0404
14819,ACC_0404
14820,ACC_0404
14821,ACC_0404
14822,ACC_0404
14823,ACC_0404
14824,ACC_0404
14825,ACC_0404
14826,ACC_0404
14828,ACC_0404
14829,ACC_0405
14830,ACC_0405
14831,ACC_0405
14832,ACC_0405
14833,ACC_0405
14834,ACC_0405
14835,ACC_0405
14836,ACC_0406
14837,ACC_0406
14838,ACC_0407
14839,ACC_0407
14840,ACC_0407
14841,ACC_0407
14842,ACC_0407
14843,ACC_0408
14844,ACC_0408
14845,ACC_0408
14846,ACC_0408
14847,ACC_0409
14848,ACC_0409
14849,ACC_0409
14850,ACC_0409
14851,ACC_0409
14852,ACC_0409
14853,ACC_0409
14854,ACC_0409
14855,ACC_0409
14856,ACC_0409
14857,ACC_0409
14858,ACC_0409
14859,ACC_0409
14860,ACC_0409
14861,ACC_0409
14862,ACC_0409
14863,ACC_0409
14865,ACC_0410
14866,ACC_0410
14867,ACC_0410
14868,ACC_0410
14869,ACC_0410
14870,ACC_0410
14871,ACC_0411
14872,ACC_0411
14873,ACC_0411
14874,ACC_0411
14875,ACC_0411
14876,ACC_0411
14877,ACC_0412
14878,ACC_0412
14879,ACC_0412
14880,ACC_0412
14881,ACC_0412
14882,ACC_0413
14883,ACC_0413
14884,ACC_0413
14885,ACC_0414
14886,ACC_0414
14887,ACC_0414
14888,ACC_0414
14889,ACC_0414
14890,ACC_0414
14891,ACC_0414
14892,ACC_0415
14893,ACC_0415
14894,ACC_0415
14895,ACC_0415
14896,ACC_0415
14897,ACC_0415
14898,ACC_0416
14899,ACC_0416
14900,ACC_0416
14901,ACC_0416
14902,ACC_0416
14903,ACC_0416
14904,ACC_0417
14905,ACC_0417
14906,ACC_0417
14907,ACC_0417
14908,ACC_0417
14909,ACC_0417
14910,ACC_0417
14911,ACC_0417
14912,ACC_0417
14913,ACC_0417
14915,ACC_0417
14916,ACC_0417
14917,ACC_0417
14918,ACC_0417
14919,ACC_0417
14920,ACC_0417
14921,ACC_0417
14922,ACC_0417
14923,ACC_0417
14924,ACC_0418
14926,ACC_0418
14927,ACC_0418
14928,ACC_0418
14929,ACC_0418
14930,ACC_0418
14931,ACC_0418
14932,ACC_0418
14933,ACC_0418
14934,ACC_0418
14935,ACC_0419
14936,ACC_0419
14937,ACC_0419
14938,ACC_0420
14940,ACC_0420
14941,ACC_0420
14942,ACC_0420
14943,ACC_0420
14944,ACC_0420
14945,ACC_0420
14946,ACC_0420
14947,ACC_0420
14948,ACC_0420
14949,ACC_0420
14950,ACC_0421
14951,ACC_0421
14952,ACC_0421
14953,ACC_0421
14954,ACC_0421
14955,ACC_0421
14956,ACC_0421
14957,ACC_0421
14958,ACC_0421
14959,ACC_0421
14960,ACC_0421
14961,ACC_0422
14962,ACC_0422
14963,ACC_0422
14964,ACC_0422
14965,ACC_0422
14966,ACC_0422
14967,ACC_0423
14968,ACC_0423
14969,ACC_0423
14970,ACC_0423
14971,ACC_0423
14972,ACC_0423
14973,ACC_0424
14974,ACC_0424
14975,ACC_0425
14976,ACC_0425
14977,ACC_0425
14978,ACC_0425
14979,ACC_0425
14980,ACC_0426
14981,ACC_0426
14982,ACC_0426
14983,ACC_0426
14984,ACC_0426
14985,ACC_0426
14986,ACC_0426
14987,ACC_0426
14988,ACC_0426
14989,ACC_0426
14990,ACC_0426
14991,ACC_0426
14992,ACC_0426
14993,ACC_0427
14994,ACC_0427
14995,ACC_0427
14996,ACC_0427
14997,ACC_0427
14998,ACC_0427
14999,ACC_0427
15000,ACC_0427
15001,ACC_0427
15002,ACC_0427
15003,ACC_0427
15004,ACC_0427
15005,ACC_0427
15006,ACC_0428
15007,ACC_0428
15008,ACC_0428
15009,ACC_0428
15010,ACC_0428
15011,ACC_0428
15012,ACC_0428
15013,ACC_0428
15014,ACC_0428
15015,ACC_0428
15016,ACC_0428
15017,ACC_0428
15018,ACC_0428
15019,ACC_0429
15020,ACC_0429
15021,ACC_0429
15022,ACC_0429
15023,ACC_0429
15024,ACC_0429
15025,ACC_0430
15026,ACC_0430
15027,ACC_0430
15028,ACC_0431
15029,ACC_0431
15030,ACC_0431
15031,ACC_0431
15032,ACC_0431
15033,ACC_0431
15034,ACC_0431
15035,ACC_0431
15036,ACC_0431
15037,ACC_0431
15038,ACC_0432
15039,ACC_0432
15040,ACC_0433
15041,ACC_0433
15042,ACC_0433
15043,ACC_0433
15044,ACC_0434
15045,ACC_0434
15046,ACC_0435
15047,ACC_0435
15048,ACC_0435
15049,ACC_0435
15050,ACC_0435
15051,ACC_0435
15052,ACC_0435
15053,ACC_0435
15054,ACC_0435
15055,ACC_0435
15056,ACC_0435
15057,ACC_0435
15058,ACC_0436
15059,ACC_0436
15060,ACC_0436
15061,ACC_0436
15062,ACC_0436
15063,ACC_0437
15064,ACC_0437
15065,ACC_0437
15066,ACC_0437
15067,ACC_0437
15068,ACC_0437
15069,ACC_0437
15070,ACC_0437
15071,ACC_0437
15072,ACC_0437
15073,ACC_0437
15074,ACC_0438
15075,ACC_0438
15076,ACC_0438
15077,ACC_0438
15078,ACC_0438
15079,ACC_0438
15080,ACC_0438
15081,ACC_0438
15082,ACC_0438
15083,ACC_0438
15084,ACC_0439
15085,ACC_0439
15086,ACC_0439
15087,ACC_0439
15088,ACC_0439
15089,ACC_0440
15090,ACC_0440
15091,ACC_0440
15092,ACC_0440
15093,ACC_0441
15094,ACC_0441
15095,ACC_0441
15096,ACC_0441
15097,ACC_0442
15098,ACC_0442
15099,ACC_0442
15100,ACC_0442
15101,ACC_0442
15102,ACC_0442
15103,ACC_0443
15104,ACC_0443
15105,ACC_0443
15106,ACC_0443
15107,ACC_0443
15108,ACC_0444
15109,ACC_0444
15110,ACC_0444
15111,ACC_0445
15112,ACC_0445
15113,ACC_0445
15114,ACC_0445
15115,ACC_0445
15116,ACC_0445
15117,ACC_0445
15118,ACC_0445
15119,ACC_0445
15120,ACC_0445
15121,ACC_0445
15122,ACC_0446
15123,ACC_0446
15124,ACC_0446
15125,ACC_0446
15126,ACC_0446
15127,ACC_0446
15128,ACC_0447
15129,ACC_0447
15130,ACC_0447
15131,ACC_0447
15132,ACC_0448
15133,ACC_0448
15134,ACC_0449
15135,ACC_0449
15136,ACC_0449
15137,ACC_0449
15138,ACC_0449
15139,ACC_0449
15140,ACC_0449
15141,ACC_0449
15142,ACC_0449
15143,ACC_0449
15144,ACC_0449
15145,ACC_0449
15146,ACC_0449
15147,ACC_0449
15148,ACC_0449
15149,ACC_0449
15150,ACC_0449
15151,ACC_0449
15152,ACC_0449
15153,ACC_0449
15154,ACC_0449
15155,ACC_0449
15156,ACC_0449
15157,ACC_0449
15158,ACC_0449
15159,ACC_0449
15160,ACC_0449
15161,ACC_0449
15162,ACC_0450
15163,ACC_0450
15164,ACC_0450
15165,ACC_0450
15166,ACC_0450
15167,ACC_0451
15168,ACC_0451
15169,ACC_0451
15170,ACC_0451
15171,ACC_0452
15172,ACC_0452
15173,ACC_0452
15174,ACC_0452
15175,ACC_0452
15176,ACC_0452
15177,ACC_0453
15178,ACC_0453
15179,ACC_0454
15180,ACC_0454
15181,ACC_0454
15182,ACC_0455
15183,ACC_0455
15184,ACC_0455
15185,ACC_0455
15186,ACC_0456
15187,ACC_0456
15188,ACC_0457
15189,ACC_0457
15190,ACC_0457
15191,ACC_0457
15192,ACC_0457
15193,ACC_0457
15194,ACC_0458
15195,ACC_0458
15196,ACC_0458
15197,ACC_0459
15198,ACC_0459
15199,ACC_0459
15200,ACC_0459
15201,ACC_0459
15202,ACC_0459
15203,ACC_0459
15204,ACC_0459
15205,ACC_0459
15206,ACC_0459
15207,ACC_0459
15208,ACC_0459
15209,ACC_0459
15210,ACC_0459
15211,ACC_0459
15212,ACC_0459
15213,ACC_0459
15214,ACC_0459
15215,ACC_0459
15216,ACC_0459
15217,ACC_0459
15218,ACC_0459
15219,ACC_0459
15220,ACC_0459
15221,ACC_0459
15222,ACC_0459
15223,ACC_0459
15224,ACC_0459
15225,ACC_0459
15226,ACC_0459
15227,ACC_0460
15228,ACC_0460
15229,ACC_0460
15230,ACC_0460
15231,ACC_0460
15232,ACC_0461
15233,ACC_0461
15234,ACC_0461
15235,ACC_0462
15236,ACC_0462
15237,ACC_0462
15238,ACC_0462
15239,ACC_0462
15240,ACC_0462
15241,ACC_0463
15242,ACC_0463
15243,ACC_0463
15244,ACC_0463
15245,ACC_0463
15246,ACC_0463
15247,ACC_0464
15248,ACC_0464
15249,ACC_0464
15250,ACC_0464
15251,ACC_0464
15252,ACC_0464
15253,ACC_0465
15254,ACC_0465
15255,ACC_0465
15256,ACC_0466
15257,ACC_0466
15258,ACC_0466
15259,ACC_0466
15260,ACC_0467
15261,ACC_0467
15262,ACC_0467
15263,ACC_0467
15264,ACC_0467
15265,ACC_0467
15266,ACC_0468
15267,ACC_0468
15268,ACC_0468
15269,ACC_0469
15270,ACC_0469
15271,ACC_0469
15272,ACC_0470
15273,ACC_0470
15274,ACC_0470
15275,ACC_0470
15276,ACC_0470
15277,ACC_0470
15278,ACC_0471
15279,ACC_0471
15280,ACC_0471
15281,ACC_0472
15282,ACC_0472
15283,ACC_0472
15284,ACC_0472
15285,ACC_0472
15286,ACC_0472
15287,ACC_0472
15288,ACC_0472
15289,ACC_0472
15290,ACC_0472
15291,ACC_0472
15292,ACC_0472
15293,ACC_0472
15294,ACC_0472
15295,ACC_0473
15296,ACC_0473
15297,ACC_0473
15298,ACC_0473
15299,ACC_0473
15300,ACC_0473
15301,ACC_0474
15302,ACC_0474
15303,ACC_0474
15304,ACC_0474
15305,ACC_0474
15306,ACC_0474
15307,ACC_0474
15308,ACC_0474
15309,ACC_0474
15310,ACC_0474
15311,ACC_0474
15312,ACC_0474
15313,ACC_0474
15314,ACC_0474
15315,ACC_0474
15316,ACC_0474
15317,ACC_0474
15318,ACC_0474
15319,ACC_0474
15320,ACC_0474
15321,ACC_0474
15322,ACC_0474
15323,ACC_0474
15324,ACC_0475
15325,ACC_0475
15326,ACC_0475
15327,ACC_0476
15328,ACC_0476
15329,ACC_0476
15330,ACC_0476
15331,ACC_0476
15332,ACC_0476
15333,ACC_0476
15334,ACC_0476
15335,ACC_0476
15336,ACC_0476
15337,ACC_0476
15338,ACC_0476
15339,ACC_0476
15340,ACC_0476
15341,ACC_0477
15342,ACC_0477
15343,ACC_0477
15344,ACC_0477
15345,ACC_0477
15346,ACC_0477
15347,ACC_0477
15348,ACC_0477
15349,ACC_0477
15350,ACC_0477
15351,ACC_0477
15352,ACC_0478
15353,ACC_0478
15354,ACC_0479
15355,ACC_0479
15356,ACC_0479
15358,ACC_0479
15359,ACC_0480
15360,ACC_0480
15361,ACC_0480
15362,ACC_0480
15363,ACC_0480
15364,ACC_0480
15365,ACC_0480
15366,ACC_0480
15367,ACC_0480
15368,ACC_0480
15369,ACC_0480
15370,ACC_0480
15371,ACC_0480
15372,ACC_0480
15373,ACC_0480
15374,ACC_0480
15375,ACC_0480
15376,ACC_0480
15377,ACC_0480
15378,ACC_0480
15379,ACC_0480
15380,ACC_0480
15381,ACC_0480
15382,ACC_0480
15384,ACC_0480
15385,ACC_0481
15386,ACC_0481
15387,ACC_0481
15388,ACC_0481
15389,ACC_0481
15390,ACC_0481
15391,ACC_0482
15392,ACC_0482
15393,ACC_0482
15394,ACC_0482
15395,ACC_0483
15396,ACC_0483
15397,ACC_0483
15398,ACC_0483
15399,ACC_0483
15400,ACC_0483
15401,ACC_0483
15402,ACC_0483
15403,ACC_0483
15404,ACC_0483
15405,ACC_0483
15406,ACC_0483
15407,ACC_0483
15408,ACC_0483
15409,ACC_0483
15410,ACC_0483
15411,ACC_0483
15412,ACC_0483
15413,ACC_0483
15414,ACC_0483
15415,ACC_0483
15416,ACC_0483
15417,ACC_0483
15418,ACC_0483
15419,ACC_0483
15420,ACC_0483
15421,ACC_0483
15422,ACC_0484
15423,ACC_0484
15424,ACC_0485
15425,ACC_0485
15426,ACC_0485
15427,ACC_0485
15428,ACC_0486
15429,ACC_0486
15430,ACC_0487
15431,ACC_0487
15432,ACC_0487
15433,ACC_0487
15434,ACC_0487
15435,ACC_0488
15436,ACC_0488
15437,ACC_0488
15438,ACC_0489
15439,ACC_0489
15440,ACC_0489
15441,ACC_0489
15442,ACC_0489
15443,ACC_0490
15444,ACC_0490
15445,ACC_0490
15446,ACC_0491
15447,ACC_0491
15448,ACC_0491
15449,ACC_0491
15450,ACC_0492
15451,ACC_0492
15452,ACC_0492
15453,ACC_0493
15454,ACC_0493
15455,ACC_0493
15456,ACC_0494
15457,ACC_0494
15458,ACC_0494
15459,ACC_0494
15460,ACC_0495
15461,ACC_0495
15462,ACC_0495
15463,ACC_0495
15464,ACC_0496
15465,ACC_0496
15466,ACC_0496
15467,ACC_0496
15468,ACC_0496
15469,ACC_0496
15470,ACC_0497
15471,ACC_0497
15472,ACC_0497
15473,ACC_0498
15474,ACC_0498
15475,ACC_0498
15476,ACC_0498
15477,ACC_0499
15478,ACC_0499
15479,ACC_0499
15480,ACC_0499
15481,ACC_0500
15482,ACC_0500
15483,ACC_0500
15484,ACC_0500
15485,ACC_0500
15486,ACC_0500
15487,ACC_0500
15488,ACC_0500
15489,ACC_0500
15490,ACC_0500
15491,ACC_0500
15492,ACC_0500
15493,ACC_0500
15494,ACC_0500
15495,ACC_0501
15496,ACC_0501
15497,ACC_0501
15498,ACC_0502
15499,ACC_0502
15500,ACC_0502
15501,ACC_0503
15502,ACC_0503
15503,ACC_0503
15504,ACC_0503
15505,ACC_0503
15506,ACC_0503
15507,ACC_0504
15508,ACC_0504
15509,ACC_0504
15510,ACC_0504
15511,ACC_0504
15512,ACC_0505
15513,ACC_0505
15514,ACC_0505
15515,ACC_0506
15516,ACC_0506
15517,ACC_0506
15518,ACC_0506
15519,ACC_0506
15520,ACC_0506
15521,ACC_0507
15522,ACC_0507
15523,ACC_0507
15524,ACC_0507
15525,ACC_0507
15526,ACC_0507
15527,ACC_0508
15528,ACC_0508
15529,ACC_0508
15530,ACC_0508
15531,ACC_0508
15532,ACC_0509
15533,ACC_0509
15534,ACC_0509
15535,ACC_0510
15536,ACC_0510
15537,ACC_0510
15538,ACC_0510
15539,ACC_0510
15540,ACC_0510
15541,ACC_0510
15542,ACC_0510
15543,ACC_0511
15544,ACC_0511
15545,ACC_0511
15546,ACC_0511
15547,ACC_0511
15548,ACC_0511
15549,ACC_0512
15550,ACC_0512
15551,ACC_0513
15552,ACC_0513
15553,ACC_0513
15554,ACC_0513
15555,ACC_0513
15556,ACC_0514
15557,ACC_0514
15558,ACC_0514
15559,ACC_0514
15560,ACC_0514
15561,ACC_0515
15562,ACC_0515
15563,ACC_0515
15564,ACC_0516
15565,ACC_0516
15566,ACC_0516
15567,ACC_0516
15568,ACC_0516
15569,ACC_0516
15570,ACC_0516
15571,ACC_0516
15572,ACC_0516
15573,ACC_0516
15574,ACC_0516
15575,ACC_0516
15576,ACC_0517
15577,ACC_0517
15578,ACC_0517
15579,ACC_0518
15580,ACC_0518
15581,ACC_0518
15582,ACC_0518
15583,ACC_0518
15584,ACC_0518
15585,ACC_0519
15586,ACC_0519
15587,ACC_0519
15588,ACC_0519
15589,ACC_0519
15590,ACC_0519
15591,ACC_0520
15592,ACC_0520
15593,ACC_0520
15594,ACC_0520
15595,ACC_0520
15596,ACC_0520
15597,ACC_0520
15598,ACC_0520
15599,ACC_0520
15600,ACC_0520
15601,ACC_0520
15602,ACC_0520
15603,ACC_0520
15604,ACC_0521
15605,ACC_0521
15606,ACC_0521
15607,ACC_0522
15608,ACC_0522
15609,ACC_0522
15610,ACC_0522
15611,ACC_0522
15612,ACC_0522
15613,ACC_0523
15614,ACC_0523
15615,ACC_0523
15616,ACC_0523
15617,ACC_0523
15618,ACC_0523
15619,ACC_0524
15620,ACC_0524
15621,ACC_0524
15622,ACC_0524
15623,ACC_0524
15624,ACC_0524
15625,ACC_0525
15626,ACC_0525
15627,ACC_0525
15628,ACC_0525
15629,ACC_0525
15630,ACC_0525
15631,ACC_0525
15632,ACC_0525
15633,ACC_0526
15634,ACC_0526
15635,ACC_0526
15636,ACC_0526
15637,ACC_0526
15638,ACC_0526
15639,ACC_0526
15640,ACC_0526
15641,ACC_0526
15642,ACC_0527
15643,ACC_0527
15644,ACC_0527
15645,ACC_0528
15646,ACC_0528
15647,ACC_0528
15648,ACC_0529
15649,ACC_0529
15650,ACC_0529
15651,ACC_0529
15652,ACC_0529
15653,ACC_0529
15654,ACC_0530
15655,ACC_0530
15656,ACC_0531
15657,ACC_0531
15658,ACC_0531
15659,ACC_0532
15660,ACC_0532
15661,ACC_0533
15662,ACC_0533
15663,ACC_0533
15664,ACC_0533
15665,ACC_0533
15666,ACC_0533
15667,ACC_0534
15668,ACC_0534
15669,ACC_0534
15670,ACC_0534
15671,ACC_0534
15672,ACC_0535
15673,ACC_0535
15674,ACC_0536
15675,ACC_0536
15676,ACC_0536
15677,ACC_0536
15678,ACC_0536
15679,ACC_0536
15680,ACC_0537
15681,ACC_0537
15682,ACC_0537
15683,ACC_0537
15684,ACC_0537
15685,ACC_0538
15686,ACC_0538
15687,ACC_0539
15688,ACC_0539
15689,ACC_0539
15690,ACC_0539
15691,ACC_0539
15692,ACC_0540
15693,ACC_0540
15694,ACC_0540
15695,ACC_0540
15696,ACC_0540
15697,ACC_0540
15698,ACC_0540
15699,ACC_0540
15700,ACC_0540
15701,ACC_0540
15702,ACC_0540
15703,ACC_0540
15704,ACC_0540
15705,ACC_0540
15706,ACC_0540
15707,ACC_0540
15708,ACC_0540
15709,ACC_0540
15710,ACC_0540
15711,ACC_0540
15712,ACC_0540
15713,ACC_0540
15714,ACC_0540
15715,ACC_0541
15716,ACC_0541
15717,ACC_0541
15718,ACC_0541
15719,ACC_0541
15720,ACC_0541
15721,ACC_0542
15722,ACC_0542
15723,ACC_0542
15724,ACC_0542
15725,ACC_0542
15726,ACC_0542
15727,ACC_0542
15728,ACC_0542
15729,ACC_0542
15730,ACC_0542
15731,ACC_0542
15732,ACC_0542
15733,ACC_0542
15734,ACC_0542
15735,ACC_0542
15736,ACC_0542
15737,ACC_0543
15738,ACC_0543
15739,ACC_0543
15740,ACC_0544
15741,ACC_0544
15742,ACC_0544
15743,ACC_0544
15744,ACC_0544
15745,ACC_0544
15746,ACC_0544
15747,ACC_0544
15748,ACC_0545
15749,ACC_0545
15750,ACC_0545
15751,ACC_0545
15752,ACC_0545
15753,ACC_0545
15754,ACC_0545
15755,ACC_0545
15756,ACC_0545
15757,ACC_0545
15758,ACC_0546
15759,ACC_0546
15760,ACC_0546
15761,ACC_0546
15762,ACC_0547
15763,ACC_0547
15764,ACC_0547
15765,ACC_0547
15766,ACC_0547
15768,ACC_0548
15769,ACC_0548
15770,ACC_0549
15771,ACC_0549
15772,ACC_0549
15773,ACC_0550
15774,ACC_0550
15775,ACC_0550
15776,ACC_0550
15777,ACC_0550
15778,ACC_0550
15779,ACC_0550
15780,ACC_0550
15781,ACC_0550
15782,ACC_0550
15783,ACC_0550
15784,ACC_0550
15785,ACC_0551
15786,ACC_0551
15787,ACC_0552
15788,ACC_0552
15789,ACC_0552
15790,ACC_0552
15791,ACC_0553
15792,ACC_0553
15793,ACC_0553
15794,ACC_0553
15795,ACC_0553
15796,ACC_0553
15797,ACC_0553
15798,ACC_0553
15799,ACC_0553
15800,ACC_0553
15801,ACC_0553
15802,ACC_0553
15803,ACC_0553
15804,ACC_0553
15805,ACC_0554
15806,ACC_0554
15807,ACC_0554
15808,ACC_0555
15809,ACC_0555
15810,ACC_0555
15811,ACC_0555
15812,ACC_0556
15813,ACC_0556
15814,ACC_0556
15815,ACC_0557
15816,ACC_0557
15817,ACC_0557
15818,ACC_0557
15819,ACC_0557
15820,ACC_0558
15821,ACC_0558
15822,ACC_0558
15823,ACC_0558
15824,ACC_0558
15825,ACC_0558
15826,ACC_0558
15827,ACC_0558
15828,ACC_0558
15829,ACC_0558
15830,ACC_0558
15831,ACC_0558
15832,ACC_0559
15833,ACC_0559
15834,ACC_0559
15835,ACC_0559
15836,ACC_0559
15837,ACC_0559
15838,ACC_0559
15839,ACC_0559
15840,ACC_0559
15841,ACC_0559
15842,ACC_0559
15843,ACC_0559
15844,ACC_0559
15845,ACC_0559
15846,ACC_0559
15847,ACC_0559
15848,ACC_0559
15850,ACC_0559
15851,ACC_0560
15852,ACC_0560
15853,ACC_0560
15854,ACC_0560
15855,ACC_0561
15856,ACC_0561
15857,ACC_0562
15858,ACC_0562
15859,ACC_0562
15860,ACC_0562
15861,ACC_0562
15862,ACC_0563
15863,ACC_0563
15864,ACC_0563
15865,ACC_0563
15866,ACC_0563
15867,ACC_0563
15868,ACC_0564
15869,ACC_0564
15870,ACC_0564
15871,ACC_0564
15872,ACC_0564
15873,ACC_0564
15874,ACC_0564
15875,ACC_0565
15876,ACC_0565
15877,ACC_0566
15878,ACC_0566
15879,ACC_0566
15880,ACC_0566
15881,ACC_0566
15882,ACC_0567
15883,ACC_0567
15884,ACC_0567
15885,ACC_0567
15886,ACC_0567
15887,ACC_0567
15888,ACC_0567
15889,ACC_0567
15890,ACC_0567
15891,ACC_0567
15892,ACC_0567
15893,ACC_0567
15894,ACC_0567
15895,ACC_0567
15897,ACC_0567
15898,ACC_0567
15899,ACC_0567
15900,ACC_0567
15901,ACC_0567
15902,ACC_0568
15903,ACC_0568
15904,ACC_0569
15905,ACC_0569
15906,ACC_0569
15907,ACC_0569
15908,ACC_0569
15909,ACC_0569
15910,ACC_0569
15911,ACC_0569
15912,ACC_0569
15913,ACC_0569
15914,ACC_0569
15915,ACC_0569
15916,ACC_0569
15917,ACC_0569
15918,ACC_0569
15919,ACC_0570
15920,ACC_0570
15921,ACC_0570
15922,ACC_0570
15923,ACC_0570
15924,ACC_0570
15925,ACC_0571
15926,ACC_0571
15927,ACC_0571
15928,ACC_0571
15929,ACC_0571
15930,ACC_0571
15931,ACC_0572
15932,ACC_0572
15933,ACC_0572
15934,ACC_0572
15935,ACC_0572
15936,ACC_0572
15937,ACC_0572
15938,ACC_0572
15939,ACC_0572
15940,ACC_0572
15941,ACC_0572
15942,ACC_0572
15943,ACC_0572
15944,ACC_0573
15945,ACC_0573
15946,ACC_0573
15947,ACC_0573
15948,ACC_0574
15949,ACC_0574
15950,ACC_0574
15951,ACC_0574
15952,ACC_0575
15953,ACC_0575
15954,ACC_0575
15955,ACC_0575
15956,ACC_0576
15957,ACC_0576
15958,ACC_0576
15959,ACC_0576
15960,ACC_0576
15961,ACC_0577
15962,ACC_0577
15963,ACC_0577
15964,ACC_0577
15965,ACC_0577
15966,ACC_0578
15967,ACC_0578
15968,ACC_0578
15969,ACC_0578
15970,ACC_0578
15971,ACC_0578
15972,ACC_0578
15973,ACC_0578
15974,ACC_0578
15975,ACC_0578
15976,ACC_0578
15977,ACC_0578
15978,ACC_0578
15979,ACC_0578
15980,ACC_0578
15981,ACC_0579
15982,ACC_0579
15983,ACC_0579
15984,ACC_0579
15985,ACC_0579
15986,ACC_0579
15987,ACC_0579
15988,ACC_0579
15989,ACC_0579
15990,ACC_0579
15991,ACC_0579
15992,ACC_0580
15993,ACC_0580
15994,ACC_0581
15995,ACC_0581
15996,ACC_0581
15998,ACC_0581
15999,ACC_0582
16000,ACC_0582
16001,ACC_0582
16002,ACC_0582
16003,ACC_0582
16004,ACC_0582
16005,ACC_0582
16006,ACC_0582
16007,ACC_0582
16008,ACC_0582
16009,ACC_0582
16010,ACC_0582
16011,ACC_0582
16012,ACC_0582
16013,ACC_0582
16014,ACC_0582
16015,ACC_0583
16016,ACC_0583
16017,ACC_0583
16018,ACC_0583
16019,ACC_0583
16020,ACC_0583
16021,ACC_0584
16022,ACC_0584
16023,ACC_0584
16024,ACC_0584
16025,ACC_0584
16026,ACC_0584
16027,ACC_0584
16028,ACC_0584
16029,ACC_0584
16030,ACC_0584
16031,ACC_0584
16032,ACC_0584
16033,ACC_0584
16034,ACC_0585
16035,ACC_0585
16036,ACC_0585
16037,ACC_0585
16038,ACC_0585
16039,ACC_0586
16040,ACC_0586
16041,ACC_0586
16042,ACC_0587
16043,ACC_0587
16044,ACC_0587
16045,ACC_0588
16046,ACC_0588
16047,ACC_0588
16048,ACC_0588
16049,ACC_0589
16050,ACC_0589
16051,ACC_0589
16052,ACC_0589
16053,ACC_0589
16054,ACC_0589
16055,ACC_0589
16056,ACC_0589
16057,ACC_0589
16058,ACC_0589
16059,ACC_0589
16060,ACC_0590
16061,ACC_0590
16062,ACC_0590
16063,ACC_0590
16064,ACC_0591
16065,ACC_0591
16066,ACC_0591
16067,ACC_0592
16068,ACC_0592
16069,ACC_0592
16070,ACC_0593
16071,ACC_0593
16072,ACC_0593
16073,ACC_0594
16074,ACC_0594
16075,ACC_0594
16076,ACC_0594
16077,ACC_0594
16078,ACC_0595
16079,ACC_0595
16080,ACC_0595
16081,ACC_0595
16082,ACC_0595
16083,ACC_0595
16084,ACC_0595
16085,ACC_0595
16086,ACC_0595
16087,ACC_0595
16088,ACC_0595
16089,ACC_0595
16090,ACC_0595
16091,ACC_0595
16092,ACC_0595
16093,ACC_0595
16094,ACC_0595
16095,ACC_0595
16096,ACC_0595
16097,ACC_0595
16098,ACC_0595
16099,ACC_0595
16100,ACC_0595
16101,ACC_0595
16102,ACC_0595
16103,ACC_0595
16104,ACC_0596
16105,ACC_0596
16106,ACC_0596
16107,ACC_0597
16108,ACC_0597
16109,ACC_0597
16110,ACC_0597
16111,ACC_0597
16112,ACC_0597
16113,ACC_0597
16114,ACC_0597
16115,ACC_0597
16116,ACC_0597
16117,ACC_0597
16118,ACC_0597
16119,ACC_0598
16120,ACC_0598
16121,ACC_0598
16122,ACC_0598
16123,ACC_0598
16124,ACC_0598
16125,ACC_0599
16126,ACC_0599
16127,ACC_0599
16128,ACC_0599
16129,ACC_0599
16130,ACC_0599
16131,ACC_0600
16132,ACC_0600
16133,ACC_0601
16134,ACC_0601
16135,ACC_0601
16136,ACC_0601
16137,ACC_0602
16138,ACC_0602
16139,ACC_0602
16140,ACC_0603
16141,ACC_0603
16142,ACC_0604
16143,ACC_0604
16144,ACC_0604
16145,ACC_0604
16146,ACC_0604
16147,ACC_0604
16148,ACC_0605
16149,ACC_0605
16150,ACC_0605
16152,ACC_0605
16153,ACC_0605
16155,ACC_0605
16156,ACC_0606
16157,ACC_0606
16158,ACC_0607
16159,ACC_0607
16160,ACC_0607
16161,ACC_0608
16162,ACC_0608
16163,ACC_0608
16164,ACC_0608
16165,ACC_0608
16166,ACC_0608
16167,ACC_0608
16168,ACC_0608
16169,ACC_0608
16170,ACC_0608
16171,ACC_0608
16172,ACC_0608
16173,ACC_0608
16174,ACC_0609
16175,ACC_0609
16176,ACC_0609
16177,ACC_0609
16178,ACC_0609
16179,ACC_0609
16180,ACC_0609
16181,ACC_0610
16182,ACC_0610
16183,ACC_0610
16184,ACC_0610
16185,ACC_0610
16186,ACC_0610
16187,ACC_0610
16188,ACC_0610
16189,ACC_0610
16190,ACC_0610
16191,ACC_0610
16192,ACC_0610
16193,ACC_0610
16194,ACC_0610
16195,ACC_0610
16196,ACC_0610
16197,ACC_0610
16198,ACC_0610
16199,ACC_0610
16200,ACC_0610
16201,ACC_0610
16202,ACC_0610
16203,ACC_0610
16204,ACC_0610
16205,ACC_0610
16206,ACC_0610
16207,ACC_0610
16208,ACC_0610
16209,ACC_0610
16210,ACC_0610
16211,ACC_0611
16212,ACC_0611
16213,ACC_0611
16214,ACC_0611
16215,ACC_0611
16216,ACC_0611
16217,ACC_0611
16218,ACC_0611
16219,ACC_0611
16221,ACC_0611
16222,ACC_0611
16223,ACC_0611
16224,ACC_0611
16225,ACC_0611
16226,ACC_0611
16227,ACC_0611
16228,ACC_0611
16229,ACC_0611
16230,ACC_0611
16231,ACC_0611
16232,ACC_0611
16233,ACC_0611
16234,ACC_0611
16235,ACC_0611
16236,ACC_0612
16237,ACC_0612
16238,ACC_0613
16239,ACC_0613
16240,ACC_0613
16241,ACC_0614
16242,ACC_0614
16243,ACC_0614
16244,ACC_0614
16245,ACC_0615
16246,ACC_0615
16247,ACC_0615
16248,ACC_0615
16249,ACC_0615
16250,ACC_0615
16251,ACC_0615
16252,ACC_0615
16253,ACC_0615
16254,ACC_0615
16255,ACC_0615
16256,ACC_0615
16257,ACC_0615
16258,ACC_0616
16259,ACC_0616
16260,ACC_0616
16261,ACC_0616
16262,ACC_0616
16263,ACC_0617
16264,ACC_0617
16265,ACC_0618
16266,ACC_0618
16267,ACC_0618
16268,ACC_0619
16269,ACC_0619
16270,ACC_0619
16271,ACC_0619
16272,ACC_0619
16273,ACC_0619
16274,ACC_0619
16275,ACC_0619
16276,ACC_0619
16277,ACC_0619
16278,ACC_0620
16279,ACC_0620
16280,ACC_0620
16281,ACC_0620
16282,ACC_0621
16283,ACC_0621
16284,ACC_0621
16285,ACC_0621
16286,ACC_0621
16287,ACC_0621
16288,ACC_0622
16289,ACC_0622
16290,ACC_0622
16291,ACC_0623
16292,ACC_0623
16293,ACC_0623
16294,ACC_0623
16295,ACC_0623
16296,ACC_0623
16297,ACC_0623
16298,ACC_0624
16299,ACC_0624
16300,ACC_0624
16301,ACC_0624
16302,ACC_0624
16303,ACC_0625
16304,ACC_0625
16305,ACC_0625
16306,ACC_0625
16307,ACC_0625
16308,ACC_0625
16309,ACC_0625
16310,ACC_0625
16311,ACC_0625
16312,ACC_0625
16313,ACC_0626
16314,ACC_0626
16315,ACC_0626
16316,ACC_0626
16317,ACC_0626
16318,ACC_0626
16319,ACC_0626
16320,ACC_0626
16321,ACC_0627
16322,ACC_0627
16323,ACC_0627
16324,ACC_0628
16325,ACC_0628
16326,ACC_0628
16327,ACC_0628
16328,ACC_0628
16329,ACC_0628
16330,ACC_0628
16331,ACC_0628
16332,ACC_0628
16333,ACC_0629
16334,ACC_0629
16335,ACC_0629
16336,ACC_0629
16337,ACC_0629
16338,ACC_0630
16339,ACC_0630
16340,ACC_0630
16341,ACC_0630
16342,ACC_0631
16343,ACC_0631
16344,ACC_0631
16345,ACC_0631
16346,ACC_0631
16347,ACC_0631
16348,ACC_0632
16349,ACC_0632
16350,ACC_0632
16351,ACC_0632
16352,ACC_0632
16353,ACC_0632
16354,ACC_0632
16355,ACC_0632
16356,ACC_0632
16357,ACC_0632
16358,ACC_0632
16359,ACC_0632
16360,ACC_0632
16361,ACC_0633
16362,ACC_0633
16363,ACC_0633
16364,ACC_0633
16365,ACC_0633
16366,ACC_0633
16367,ACC_0633
16368,ACC_0633
16369,ACC_0633
16370,ACC_0633
16371,ACC_0633
16372,ACC_0633
16373,ACC_0633
16374,ACC_0634
16375,ACC_0634
16376,ACC_0634
16377,ACC_0635
16378,ACC_0635
16379,ACC_0635
16380,ACC_0636
16381,ACC_0636
16382,ACC_0636
16383,ACC_0637
16384,ACC_0637
16385,ACC_0637
16386,ACC_0637
16387,ACC_0637
16388,ACC_0637
16389,ACC_0637
16390,ACC_0638
16391,ACC_0638
16392,ACC_0638
16393,ACC_0638
16394,ACC_0638
16395,ACC_0638
16396,ACC_0638
16397,ACC_0638
16398,ACC_0638
16399,ACC_0638
16400,ACC_0638
16401,ACC_0638
16402,ACC_0638
16403,ACC_0638
16404,ACC_0639
16405,ACC_0639
16406,ACC_0639
16407,ACC_0640
16408,ACC_0640
16409,ACC_0640
16410,ACC_0640
16411,ACC_0641
16412,ACC_0641
16413,ACC_0641
16414,ACC_0641
16415,ACC_0641
16416,ACC_0641
16417,ACC_0642
16418,ACC_0642
16419,ACC_0642
16420,ACC_0642
16421,ACC_0643
16422,ACC_0643
16423,ACC_0644
16424,ACC_0644
16425,ACC_0644
16426,ACC_0644
16427,ACC_0644
16428,ACC_0644
16429,ACC_0645
16430,ACC_0645
16431,ACC_0645
16432,ACC_0645
16433,ACC_0645
16434,ACC_0645
16435,ACC_0645
16436,ACC_0645
16437,ACC_0645
16438,ACC_0645
16439,ACC_0645
16440,ACC_0645
16441,ACC_0645
16442,ACC_0645
16443,ACC_0645
16444,ACC_0645
16445,ACC_0645
16446,ACC_0645
16447,ACC_0646
16448,ACC_0646
16449,ACC_0647
16450,ACC_0647
16451,ACC_0648
16452,ACC_0648
16453,ACC_0648
16454,ACC_0649
16455,ACC_0649
16456,ACC_0650
16457,ACC_0650
16458,ACC_0650
16459,ACC_0650
16460,ACC_0650
16461,ACC_0650
16462,ACC_0651
16463,ACC_0651
16464,ACC_0652
16465,ACC_0652
16466,ACC_0652
16467,ACC_0652
16468,ACC_0653
16469,ACC_0653
16470,ACC_0653
16471,ACC_0653
16472,ACC_0653
16473,ACC_0654
16474,ACC_0654
16475,ACC_0654
16476,ACC_0654
16477,ACC_0654
16478,ACC_0654
16479,ACC_0654
16480,ACC_0654
16481,ACC_0654
16482,ACC_0654
16483,ACC_0654
16484,ACC_0654
16485,ACC_0654
16486,ACC_0654
16487,ACC_0654
16488,ACC_0654
16489,ACC_0654
16490,ACC_0654
16491,ACC_0655
16492,ACC_0655
16493,ACC_0655
16494,ACC_0655
16495,ACC_0655
16496,ACC_0655
16497,ACC_0655
16498,ACC_0655
16499,ACC_0655
16500,ACC_0655
16501,ACC_0655
16502,ACC_0655
16503,ACC_0655
16504,ACC_0655
16505,ACC_0656
16506,ACC_0656
16507,ACC_0656
16508,ACC_0656
16509,ACC_0656
16510,ACC_0657
16511,ACC_0657
16513,ACC_0657
16515,ACC_0657
16516,ACC_0657
16517,ACC_0657
16518,ACC_0658
16519,ACC_0658
16520,ACC_0658
16521,ACC_0658
16522,ACC_0658
16523,ACC_0658
16524,ACC_0659
16525,ACC_0659
16526,ACC_0659
16527,ACC_0659
16528,ACC_0659
16529,ACC_0659
16530,ACC_0660
16531,ACC_0660
16532,ACC_0660
16533,ACC_0660
16534,ACC_0660
16535,ACC_0660
16536,ACC_0660
16537,ACC_0660
16538,ACC_0660
16539,ACC_0660
16540,ACC_0661
16541,ACC_0661
16542,ACC_0662
16543,ACC_0662
16544,ACC_0662
16545,ACC_0662
16546,ACC_0662
16547,ACC_0662
16548,ACC_0662
16549,ACC_0662
16550,ACC_0662
16551,ACC_0662
16552,ACC_0662
16553,ACC_0662
16554,ACC_0662
16555,ACC_0663
16556,ACC_0663
16557,ACC_0663
16558,ACC_0664
16559,ACC_0664
16560,ACC_0664
16561,ACC_0664
16562,ACC_0664
16563,ACC_0664
16564,ACC_0665
16565,ACC_0665
16566,ACC_0665
16567,ACC_0665
16568,ACC_0665
16569,ACC_0666
16570,ACC_0666
16571,ACC_0666
16572,ACC_0666
16573,ACC_0666
16574,ACC_0666
16576,ACC_0666
16577,ACC_0666
16578,ACC_0666
16579,ACC_0666
16581,ACC_0666
16582,ACC_0666
16583,ACC_0666
16584,ACC_0666
16585,ACC_0666
16586,ACC_0666
16587,ACC_0667
16588,ACC_0667
16589,ACC_0667
16590,ACC_0667
16591,ACC_0667
16592,ACC_0667
16593,ACC_0668
16594,ACC_0668
16595,ACC_0669
16596,ACC_0669
16597,ACC_0669
16598,ACC_0669
16599,ACC_0670
16600,ACC_0670
16601,ACC_0671
16602,ACC_0671
16603,ACC_0672
16604,ACC_0672
16605,ACC_0672
16606,ACC_0672
16607,ACC_0672
16608,ACC_0672
16609,ACC_0673
16610,ACC_0673
16611,ACC_0673
16612,ACC_0673
16613,ACC_0673
16614,ACC_0674
16615,ACC_0674
16616,ACC_0674
16617,ACC_0674
16618,ACC_0675
16619,ACC_0675
16620,ACC_0676
16621,ACC_0676
16622,ACC_0676
16623,ACC_0676
16624,ACC_0676
16625,ACC_0676
16626,ACC_0676
16627,ACC_0676
16628,ACC_0676
16629,ACC_0676
16630,ACC_0676
16631,ACC_0676
16632,ACC_0676
16633,ACC_0676
16634,ACC_0676
16635,ACC_0676
16636,ACC_0676
16637,ACC_0676
16638,ACC_0676
16639,ACC_0676
16640,ACC_0676
16641,ACC_0676
16642,ACC_0676
16643,ACC_0677
16644,ACC_0677
16645,ACC_0677
16646,ACC_0677
16647,ACC_0678
16648,ACC_0678
16649,ACC_0679
16650,ACC_0679
16651,ACC_0679
16652,ACC_0679
16653,ACC_0679
16654,ACC_0679
16655,ACC_0679
16656,ACC_0679
16657,ACC_0679
16658,ACC_0679
16659,ACC_0679
16660,ACC_0679
16661,ACC_0680
16662,ACC_0680
16663,ACC_0681
16664,ACC_0681
16665,ACC_0681
16666,ACC_0681
16667,ACC_0681
16668,ACC_0681
16669,ACC_0681
16670,ACC_0681
16671,ACC_0681
16672,ACC_0681
16673,ACC_0681
16674,ACC_0681
16675,ACC_0681
16676,ACC_0682
16677,ACC_0682
16678,ACC_0682
16679,ACC_0682
16680,ACC_0682
16681,ACC_0682
16682,ACC_0682
16683,ACC_0682
16684,ACC_0682
16685,ACC_0682
16686,ACC_0682
16687,ACC_0682
16688,ACC_0682
16689,ACC_0682
16690,ACC_0682
16691,ACC_0682
16692,ACC_0682
16693,ACC_0682
16694,ACC_0682
16695,ACC_0682
16696,ACC_0682
16697,ACC_0682
16698,ACC_0682
16699,ACC_0682
16700,ACC_0682
16701,ACC_0682
16702,ACC_0682
16704,ACC_0683
16705,ACC_0683
16706,ACC_0683
16707,ACC_0683
16708,ACC_0683
16709,ACC_0684
16710,ACC_0684
16711,ACC_0684
16712,ACC_0684
16713,ACC_0684
16714,ACC_0685
16715,ACC_0685
16716,ACC_0685
16717,ACC_0685
16718,ACC_0685
16719,ACC_0685
16720,ACC_0685
16721,ACC_0685
16722,ACC_0685
16723,ACC_0685
16724,ACC_0685
16725,ACC_0685
16726,ACC_0685
16727,ACC_0686
16728,ACC_0686
16729,ACC_0686
16730,ACC_0687
16731,ACC_0687
16732,ACC_0687
16733,ACC_0687
16734,ACC_0687
16735,ACC_0687
16736,ACC_0688
16737,ACC_0688
16738,ACC_0688
16739,ACC_0688
16740,ACC_0689
16741,ACC_0689
16742,ACC_0689
16743,ACC_0689
16744,ACC_0689
16745,ACC_0690
16746,ACC_0690
16747,ACC_0690
16748,ACC_0690
16749,ACC_0690
16750,ACC_0690
16751,ACC_0691
16752,ACC_0691
16753,ACC_0691
16754,ACC_0691
16755,ACC_0692
16756,ACC_0692
16757,ACC_0692
16758,ACC_0693
16759,ACC_0693
16760,ACC_0693
16761,ACC_0694
16762,ACC_0694
16763,ACC_0695
16764,ACC_0695
16765,ACC_0696
16766,ACC_0696
16767,ACC_0696
16768,ACC_0696
16769,ACC_0696
16770,ACC_0697
16771,ACC_0697
16772,ACC_0697
16773,ACC_0697
16774,ACC_0697
16775,ACC_0697
16776,ACC_0698
16777,ACC_0698
16778,ACC_0698
16779,ACC_0699
16780,ACC_0699
16781,ACC_0699
16782,ACC_0699
16783,ACC_0699
16784,ACC_0699
16785,ACC_0699
16786,ACC_0699
16787,ACC_0699
16788,ACC_0699
16789,ACC_0699
16790,ACC_0699
16791,ACC_0699
16792,ACC_0699
16793,ACC_0699
16794,ACC_0700
16795,ACC_0700
16796,ACC_0700
16797,ACC_0700
16798,ACC_0700
16799,ACC_0700
16800,ACC_0701
16801,ACC_0701
16802,ACC_0702
16803,ACC_0702
16804,ACC_0703
16805,ACC_0703
16806,ACC_0703
16807,ACC_0704
16808,ACC_0704
16809,ACC_0704
16810,ACC_0705
16811,ACC_0705
16812,ACC_0705
16813,ACC_0705
16814,ACC_0705
16815,ACC_0705
16816,ACC_0705
16817,ACC_0705
16818,ACC_0705
16819,ACC_0705
16820,ACC_0705
16821,ACC_0705
16822,ACC_0705
16823,ACC_0706
16824,ACC_0706
16825,ACC_0706
16826,ACC_0707
16827,ACC_0707
16828,ACC_0707
16829,ACC_0707
16830,ACC_0707
16831,ACC_0708
16832,ACC_0708
16833,ACC_0708
16834,ACC_0708
16835,ACC_0708
16836,ACC_0708
16837,ACC_0709
16838,ACC_0709
16839,ACC_0709
16840,ACC_0710
16841,ACC_0710
16842,ACC_0710
16843,ACC_0710
16844,ACC_0710
16845,ACC_0711
16846,ACC_0711
16847,ACC_0711
16848,ACC_0711
16849,ACC_0711
16850,ACC_0711
16851,ACC_0711
16852,ACC_0711
16854,ACC_0711
16855,ACC_0711
16856,ACC_0711
16857,ACC_0711
16858,ACC_0711
16859,ACC_0711
16860,ACC_0711
16861,ACC_0711
16862,ACC_0711
16863,ACC_0711
16864,ACC_0711
16865,ACC_0711
16866,ACC_0711
16867,ACC_0711
16868,ACC_0711
16869,ACC_0712
16870,ACC_0712
16871,ACC_0712
16872,ACC_0713
16873,ACC_0713
16874,ACC_0713
16875,ACC_0713
16876,ACC_0714
16877,ACC_0714
16878,ACC_0714
16880,ACC_0714
16881,ACC_0714
16882,ACC_0714
16883,ACC_0714
16884,ACC_0714
16885,ACC_0714
16886,ACC_0714
16887,ACC_0715
16888,ACC_0715
16889,ACC_0715
16890,ACC_0716
16891,ACC_0716
16892,ACC_0716
16893,ACC_0716
16894,ACC_0716
16895,ACC_0716
16896,ACC_0716
16897,ACC_0716
16898,ACC_0716
16899,ACC_0716
16900,ACC_0717
16901,ACC_0717
16902,ACC_0717
16903,ACC_0717
16904,ACC_0717
16905,ACC_0717
16906,ACC_0717
16907,ACC_0717
16908,ACC_0717
16909,ACC_0718
16910,ACC_0718
16911,ACC_0718
16912,ACC_0719
16913,ACC_0719
16914,ACC_0719
16915,ACC_0719
16916,ACC_0720
16917,ACC_0720
16918,ACC_0720
16919,ACC_0720
16920,ACC_0720
16921,ACC_0721
16922,ACC_0721
16923,ACC_0721
16924,ACC_0721
16925,ACC_0722
16926,ACC_0722
16927,ACC_0722
16928,ACC_0722
16929,ACC_0722
16930,ACC_0722
16931,ACC_0722
16932,ACC_0722
16933,ACC_0722
16934,ACC_0722
16935,ACC_0722
16936,ACC_0722
16937,ACC_0722
16938,ACC_0722
16939,ACC_0722
16940,ACC_0723
16941,ACC_0723
16942,ACC_0723
16943,ACC_0723
16944,ACC_0723
16945,ACC_0723
16946,ACC_0723
16947,ACC_0723
16948,ACC_0723
16949,ACC_0723
16950,ACC_0723
16951,ACC_0723
16952,ACC_0723
16953,ACC_0723
16954,ACC_0723
16955,ACC_0724
16956,ACC_0724
16957,ACC_0724
16958,ACC_0724
16959,ACC_0724
16960,ACC_0724
16961,ACC_0725
16962,ACC_0725
16963,ACC_0725
16964,ACC_0725
16965,ACC_0725
16966,ACC_0725
16967,ACC_0725
16968,ACC_0725
16969,ACC_0725
16970,ACC_0726
16971,ACC_0726
16972,ACC_0726
16973,ACC_0726
16974,ACC_0726
16975,ACC_0727
16976,ACC_0727
16977,ACC_0727
16978,ACC_0727
16979,ACC_0727
16980,ACC_0728
16982,ACC_0728
16983,ACC_0728
16984,ACC_0729
16985,ACC_0729
16986,ACC_0729
16987,ACC_0730
16988,ACC_0730
16989,ACC_0730
16990,ACC_0731
16991,ACC_0731
16992,ACC_0731
16993,ACC_0732
16996,ACC_0732
16997,ACC_0732
16998,ACC_0732
16999,ACC_0732
17000,ACC_0732
17001,ACC_0732
17002,ACC_0732
17003,ACC_0733
17004,ACC_0733
17005,ACC_0733
17006,ACC_0733
17007,ACC_0733
17008,ACC_0733
17009,ACC_0733
17010,ACC_0733
17011,ACC_0733
17012,ACC_0733
17014,ACC_0733
17015,ACC_0733
17016,ACC_0734
17017,ACC_0734
17018,ACC_0735
17019,ACC_0735
17020,ACC_0735
17021,ACC_0735
17022,ACC_0736
17023,ACC_0736
17024,ACC_0736
17025,ACC_0736
17026,ACC_0736
17027,ACC_0736
17028,ACC_0736
17029,ACC_0736
17030,ACC_0736
17031,ACC_0736
17032,ACC_0736
17033,ACC_0736
17034,ACC_0736
17035,ACC_0736
17036,ACC_0737
17037,ACC_0737
17038,ACC_0737
17039,ACC_0737
17040,ACC_0737
17041,ACC_0738
17042,ACC_0738
17043,ACC_0738
17044,ACC_0738
17045,ACC_0738
17046,ACC_0739
17047,ACC_0739
17048,ACC_0739
17049,ACC_0739
17050,ACC_0740
17051,ACC_0740
17052,ACC_0740
17053,ACC_0740
17054,ACC_0740
17055,ACC_0740
17056,ACC_0741
17057,ACC_0741
17058,ACC_0742
17059,ACC_0742
17060,ACC_0742
17061,ACC_0742
17062,ACC_0743
17063,ACC_0743
17064,ACC_0743
17065,ACC_0743
17066,ACC_0743
17067,ACC_0743
17068,ACC_0743
17069,ACC_0743
17070,ACC_0743
17071,ACC_0744
17072,ACC_0744
17073,ACC_0744
17074,ACC_0744
17075,ACC_0744
17076,ACC_0744
17077,ACC_0745
17078,ACC_0745
17079,ACC_0745
17080,ACC_0745
17081,ACC_0746
17082,ACC_0746
17083,ACC_0746
17084,ACC_0746
17085,ACC_0746
17086,ACC_0747
17087,ACC_0747
17088,ACC_0747
17089,ACC_0747
17090,ACC_0747
17091,ACC_0747
17092,ACC_0747
17093,ACC_0747
17094,ACC_0747
17095,ACC_0748
17096,ACC_0748
17097,ACC_0748
17098,ACC_0748
17099,ACC_0748
17100,ACC_0749
17101,ACC_0749
17102,ACC_0749
17103,ACC_0749
17104,ACC_0749
17105,ACC_0749
17106,ACC_0749
17107,ACC_0749
17108,ACC_0749
17109,ACC_0749
17110,ACC_0749
17111,ACC_0749
17112,ACC_0750
17113,ACC_0750
17114,ACC_0751
17115,ACC_0751
17116,ACC_0751
17117,ACC_0752
17118,ACC_0752
17119,ACC_0752
17120,ACC_0752
17121,ACC_0753
17122,ACC_0753
17123,ACC_0754
17124,ACC_0754
17125,ACC_0754
17126,ACC_0754
17127,ACC_0754
17128,ACC_0754
17129,ACC_0754
17131,ACC_0754
17132,ACC_0754
17133,ACC_0754
17134,ACC_0754
17135,ACC_0754
17136,ACC_0754
17137,ACC_0754
17138,ACC_0754
17139,ACC_0754
17140,ACC_0754
17141,ACC_0754
17142,ACC_0754
17143,ACC_0754
17144,ACC_0754
17145,ACC_0754
17146,ACC_0754
17147,ACC_0754
17148,ACC_0754
17149,ACC_0754
17150,ACC_0754
17151,ACC_0754
17152,ACC_0754
17153,ACC_0754
17154,ACC_0755
17155,ACC_0755
17156,ACC_0756
17157,ACC_0756
17158,ACC_0757
17159,ACC_0757
17160,ACC_0757
17161,ACC_0757
17162,ACC_0757
17163,ACC_0757
17164,ACC_0757
17165,ACC_0757
17166,ACC_0757
17167,ACC_0757
17168,ACC_0757
17169,ACC_0757
17170,ACC_0757
17171,ACC_0757
17172,ACC_0757
17173,ACC_0757
17174,ACC_0757
17175,ACC_0757
17176,ACC_0757
17177,ACC_0757
17178,ACC_0758
17179,ACC_0758
17180,ACC_0758
17181,ACC_0759
17182,ACC_0759
17183,ACC_0759
17184,ACC_0760
17185,ACC_0760
17186,ACC_0761
17187,ACC_0761
17188,ACC_0761
17189,ACC_0762
17190,ACC_0762
17191,ACC_0762
17192,ACC_0762
17193,ACC_0762
17194,ACC_0762
17195,ACC_0762
17196,ACC_0762
17197,ACC_0762
17198,ACC_0762
17199,ACC_0762
17200,ACC_0762
17201,ACC_0762
17202,ACC_0762
17203,ACC_0763
17204,ACC_0763
17205,ACC_0763
17206,ACC_0763
17207,ACC_0763
17208,ACC_0763
17209,ACC_0763
17210,ACC_0763
17211,ACC_0763
17212,ACC_0763
17213,ACC_0763
17214,ACC_0763
17215,ACC_0763
17216,ACC_0763
17217,ACC_0763
17218,ACC_0764
17219,ACC_0764
17220,ACC_0764
17221,ACC_0764
17222,ACC_0765
17223,ACC_0765
17224,ACC_0765
17225,ACC_0765
17226,ACC_0765
17227,ACC_0766
17228,ACC_0766
17229,ACC_0766
17230,ACC_0766
17231,ACC_0766
17232,ACC_0766
17233,ACC_0767
17234,ACC_0767
17235,ACC_0767
17236,ACC_0767
17237,ACC_0767
17238,ACC_0767
17239,ACC_0767
17240,ACC_0767
17241,ACC_0767
17242,ACC_0768
17243,ACC_0768
17244,ACC_0768
17245,ACC_0768
17246,ACC_0768
17247,ACC_0768
17248,ACC_0768
17249,ACC_0768
17250,ACC_0769
17251,ACC_0769
17252,ACC_0769
17253,ACC_0770
17254,ACC_0770
17255,ACC_0771
17256,ACC_0771
17257,ACC_0771
17258,ACC_0771
17259,ACC_0772
17260,ACC_0772
17261,ACC_0773
17262,ACC_0773
17263,ACC_0773
17264,ACC_0773
17265,ACC_0773
17266,ACC_0773
17267,ACC_0774
17268,ACC_0774
17269,ACC_0774
17270,ACC_0774
17271,ACC_0774
17272,ACC_0775
17273,ACC_0775
17274,ACC_0775
17275,ACC_0775
17276,ACC_0775
17277,ACC_0776
17278,ACC_0776
17279,ACC_0776
17280,ACC_0776
17281,ACC_0776
17282,ACC_0776
17283,ACC_0777
17284,ACC_0777
17285,ACC_0778
17286,ACC_0778
17287,ACC_0778
17288,ACC_0778
17289,ACC_0778
17290,ACC_0778
17291,ACC_0778
17292,ACC_0778
17293,ACC_0778
17294,ACC_0778
17295,ACC_0778
17296,ACC_0778
17297,ACC_0778
17298,ACC_0778
17299,ACC_0779
17300,ACC_0779
17301,ACC_0779
17302,ACC_0779
17303,ACC_0780
17304,ACC_0780
17305,ACC_0780
17306,ACC_0780
17307,ACC_0780
17308,ACC_0780
17309,ACC_0781
17310,ACC_0781
17311,ACC_0781
17312,ACC_0781
17313,ACC_0782
17314,ACC_0782
17315,ACC_0782
17316,ACC_0782
17317,ACC_0782
17318,ACC_0783
17319,ACC_0783
17320,ACC_0783
17321,ACC_0783
17322,ACC_0783
17323,ACC_0783
17324,ACC_0783
17325,ACC_0783
17326,ACC_0784
17327,ACC_0784
17328,ACC_0784
17329,ACC_0784
17330,ACC_0784
17331,ACC_0784
17332,ACC_0784
17333,ACC_0784
17334,ACC_0784
17335,ACC_0784
17336,ACC_0784
17337,ACC_0785
17338,ACC_0785
17339,ACC_0785
17340,ACC_0786
17341,ACC_0786
17342,ACC_0786
17343,ACC_0787
17344,ACC_0787
17345,ACC_0787
17346,ACC_0787
17347,ACC_0787
17348,ACC_0788
17349,ACC_0788
17350,ACC_0788
17351,ACC_0788
17352,ACC_0788
17353,ACC_0789
17354,ACC_0789
17355,ACC_0789
17356,ACC_0790
17357,ACC_0790
17358,ACC_0791
17359,ACC_0791
17360,ACC_0791
17361,ACC_0791
17362,ACC_0791
17363,ACC_0791
17364,ACC_0791
17365,ACC_0792
17366,ACC_0792
17367,ACC_0792
17368,ACC_0792
17369,ACC_0792
17370,ACC_0792
17371,ACC_0792
17372,ACC_0792
17373,ACC_0792
17374,ACC_0792
17375,ACC_0792
17376,ACC_0792
17377,ACC_0792
17378,ACC_0792
17379,ACC_0792
17380,ACC_0792
17381,ACC_0792
17382,ACC_0792
17383,ACC_0792
17384,ACC_0792
17385,ACC_0792
17386,ACC_0793
17387,ACC_0793
17388,ACC_0793
17389,ACC_0793
17390,ACC_0793
17391,ACC_0793
17392,ACC_0794
17393,ACC_0794
17394,ACC_0794
17395,ACC_0794
17396,ACC_0794
17397,ACC_0795
17398,ACC_0795
17400,ACC_0796
17401,ACC_0796
17402,ACC_0796
17403,ACC_0796
17404,ACC_0796
17405,ACC_0796
17406,ACC_0796
17407,ACC_0796
17408,ACC_0796
17409,ACC_0796
17410,ACC_0796
17411,ACC_0796
17412,ACC_0796
17413,ACC_0796
17414,ACC_0796
17415,ACC_0796
17416,ACC_0796
17417,ACC_0796
17418,ACC_0796
17419,ACC_0796
17420,ACC_0796
17421,ACC_0796
17422,ACC_0796
17423,ACC_0796
17425,ACC_0796
17426,ACC_0796
17427,ACC_0796
17428,ACC_0796
17429,ACC_0796
17430,ACC_0797
17431,ACC_0797
17432,ACC_0797
17433,ACC_0797
17434,ACC_0797
17435,ACC_0797
17436,ACC_0797
17437,ACC_0797
17438,ACC_0797
17439,ACC_0797
17440,ACC_0797
17441,ACC_0798
17442,ACC_0798
17443,ACC_0799
17444,ACC_0799
17446,ACC_0799
17447,ACC_0799
17448,ACC_0799
17449,ACC_0799
17450,ACC_0800
17451,ACC_0800
17453,ACC_0800
17454,ACC_0801
17455,ACC_0801
17456,ACC_0801
17457,ACC_0801
17458,ACC_0801
17459,ACC_0802
17460,ACC_0802
17461,ACC_0802
17462,ACC_0802
17463,ACC_0802
17464,ACC_0802
17465,ACC_0802
17466,ACC_0802
17467,ACC_0802
17468,ACC_0802
17469,ACC_0802
17470,ACC_0803
17471,ACC_0803
17472,ACC_0803
17473,ACC_0803
17474,ACC_0804
17475,ACC_0804
17476,ACC_0805
17477,ACC_0805
17478,ACC_0805
17479,ACC_0806
17480,ACC_0806
17481,ACC_0806
17482,ACC_0806
17483,ACC_0807
17484,ACC_0807
17486,ACC_0807
17487,ACC_0808
17488,ACC_0808
17489,ACC_0808
17490,ACC_0808
17491,ACC_0808
17492,ACC_0808
17493,ACC_0808
17494,ACC_0808
17495,ACC_0808
17496,ACC_0808
17497,ACC_0808
17498,ACC_0808
17499,ACC_0808
17500,ACC_0809
17501,ACC_0809
17502,ACC_0810
17503,ACC_0810
17504,ACC_0810
17505,ACC_0811
17506,ACC_0811
17507,ACC_0812
17508,ACC_0812
17509,ACC_0812
17510,ACC_0813
17511,ACC_0813
17512,ACC_0813
17513,ACC_0813
17514,ACC_0813
17515,ACC_0813
17516,ACC_0814
17517,ACC_0814
17518,ACC_0815
17519,ACC_0815
17520,ACC_0815
17521,ACC_0815
17522,ACC_0816
17523,ACC_0816
17524,ACC_0816
17525,ACC_0816
17526,ACC_0816
17527,ACC_0816
17528,ACC_0817
17529,ACC_0817
17530,ACC_0817
17531,ACC_0817
17532,ACC_0817
17533,ACC_0817
17534,ACC_0818
17535,ACC_0818
17536,ACC_0818
17537,ACC_0818
17538,ACC_0818
17539,ACC_0818
17540,ACC_0819
17541,ACC_0819
17542,ACC_0819
17543,ACC_0819
17544,ACC_0819
17545,ACC_0819
17547,ACC_0820
17548,ACC_0820
17549,ACC_0820
17550,ACC_0820
17551,ACC_0820
17552,ACC_0820
17553,ACC_0821
17554,ACC_0821
17555,ACC_0821
17556,ACC_0821
17557,ACC_0822
17558,ACC_0822
17559,ACC_0822
17560,ACC_0822
17561,ACC_0823
17562,ACC_0823
17563,ACC_0824
17564,ACC_0824
17565,ACC_0824
17566,ACC_0825
17567,ACC_0825
17568,ACC_0826
17569,ACC_0826
17570,ACC_0826
17571,ACC_0826
17572,ACC_0827
17573,ACC_0827
17574,ACC_0827
17575,ACC_0827
17576,ACC_0827
17577,ACC_0828
17578,ACC_0828
17579,ACC_0828
17580,ACC_0828
17581,ACC_0828
17582,ACC_0828
17583,ACC_0829
17584,ACC_0829
17585,ACC_0829
17586,ACC_0830
17587,ACC_0830
17588,ACC_0831
17589,ACC_0831
17590,ACC_0831
17591,ACC_0831
17592,ACC_0831
17593,ACC_0831
17594,ACC_0832
17595,ACC_0832
17596,ACC_0832
17597,ACC_0832
17598,ACC_0832
17599,ACC_0833
17600,ACC_0833
17601,ACC_0833
17602,ACC_0833
17603,ACC_0833
17604,ACC_0833
17605,ACC_0833
17606,ACC_0834
17607,ACC_0834
17608,ACC_0834
17609,ACC_0834
17610,ACC_0834
17611,ACC_0834
17612,ACC_0835
17613,ACC_0835
17614,ACC_0836
17615,ACC_0836
17616,ACC_0837
17617,ACC_0837
17618,ACC_0838
17619,ACC_0838
17620,ACC_0838
17621,ACC_0838
17622,ACC_0838
17623,ACC_0838
17624,ACC_0838
17625,ACC_0838
17626,ACC_0838
17627,ACC_0838
17628,ACC_0838
17629,ACC_0838
17630,ACC_0838
17631,ACC_0838
17633,ACC_0839
17634,ACC_0839
17635,ACC_0839
17636,ACC_0839
17637,ACC_0839
17638,ACC_0839
17639,ACC_0839
17640,ACC_0839
17642,ACC_0839
17643,ACC_0839
17644,ACC_0839
17646,ACC_0839
17647,ACC_0839
17648,ACC_0840
17649,ACC_0840
17650,ACC_0840
17651,ACC_0840
17652,ACC_0840
17653,ACC_0840
17654,ACC_0840
17655,ACC_0840
17656,ACC_0840
17657,ACC_0840
17658,ACC_0840
17659,ACC_0840
17660,ACC_0840
17662,ACC_0840
17663,ACC_0840
17664,ACC_0840
17665,ACC_0840
17666,ACC_0840
17667,ACC_0840
17668,ACC_0840
17669,ACC_0840
17670,ACC_0840
17671,ACC_0840
17672,ACC_0841
17673,ACC_0841
17674,ACC_0841
17675,ACC_0842
17676,ACC_0842
17677,ACC_0842
17678,ACC_0842
17679,ACC_0843
17680,ACC_0843
17681,ACC_0843
17682,ACC_0843
17683,ACC_0843
17684,ACC_0843
17685,ACC_0843
17686,ACC_0844
17687,ACC_0844
17688,ACC_0844
17689,ACC_0844
17690,ACC_0844
17691,ACC_0844
17692,ACC_0844
17693,ACC_0844
17694,ACC_0844
17695,ACC_0844
17696,ACC_0844
17697,ACC_0844
17698,ACC_0845
17699,ACC_0845
17700,ACC_0845
17701,ACC_0845
17702,ACC_0845
17703,ACC_0845
17704,ACC_0846
17705,ACC_0846
17706,ACC_0846
17707,ACC_0846
17708,ACC_0846
17709,ACC_0846
17710,ACC_0847
17711,ACC_0847
17712,ACC_0847
17713,ACC_0848
17714,ACC_0848
17715,ACC_0848
17716,ACC_0848
17717,ACC_0848
17718,ACC_0848
17719,ACC_0849
17720,ACC_0849
17721,ACC_0849
17722,ACC_0849
17723,ACC_0849
17724,ACC_0850
17725,ACC_0850
17726,ACC_0850
17727,ACC_0850
17728,ACC_0851
17729,ACC_0851
17730,ACC_0851
17731,ACC_0852
17732,ACC_0852
17733,ACC_0853
17734,ACC_0853
17735,ACC_0853
17736,ACC_0853
17737,ACC_0853
17738,ACC_0853
17739,ACC_0853
17740,ACC_0854
17741,ACC_0854
17742,ACC_0854
17743,ACC_0854
17744,ACC_0855
17745,ACC_0855
17746,ACC_0855
17747,ACC_0855
17748,ACC_0856
17749,ACC_0856
17750,ACC_0856
17751,ACC_0856
17752,ACC_0857
17753,ACC_0857
17754,ACC_0857
17756,ACC_0857
17757,ACC_0857
17758,ACC_0857
17759,ACC_0857
17760,ACC_0857
17761,ACC_0857
17762,ACC_0857
17763,ACC_0857
17764,ACC_0857
17765,ACC_0857
17766,ACC_0857
17767,ACC_0858
17768,ACC_0858
17769,ACC_0858
17770,ACC_0858
17771,ACC_0858
17772,ACC_0858
17773,ACC_0859
17774,ACC_0859
17775,ACC_0859
17776,ACC_0860
17777,ACC_0860
17778,ACC_0860
17779,ACC_0860
17780,ACC_0861
17781,ACC_0861
17782,ACC_0861
17783,ACC_0862
17784,ACC_0862
17785,ACC_0862
17786,ACC_0862
17787,ACC_0862
17788,ACC_0863
17789,ACC_0863
17790,ACC_0863
17791,ACC_0863
17792,ACC_0863
17793,ACC_0863
17794,ACC_0864
17795,ACC_0864
17796,ACC_0864
17797,ACC_0865
17798,ACC_0865
17799,ACC_0865
17800,ACC_0866
17801,ACC_0866
17802,ACC_0867
17803,ACC_0867
17804,ACC_0867
17805,ACC_0867
17806,ACC_0867
17807,ACC_0867
17808,ACC_0868
17809,ACC_0868
17810,ACC_0868
17811,ACC_0869
17812,ACC_0869
17813,ACC_0869
17814,ACC_0869
17815,ACC_0869
17816,ACC_0869
17817,ACC_0869
17818,ACC_0869
17819,ACC_0869
17820,ACC_0869
17821,ACC_0869
17822,ACC_0870
17823,ACC_0870
17824,ACC_0870
17825,ACC_0870
17826,ACC_0870
17827,ACC_0870
17828,ACC_0870
17829,ACC_0870
17830,ACC_0870
17831,ACC_0871
17832,ACC_0871
17833,ACC_0871
17834,ACC_0871
17835,ACC_0871
17836,ACC_0871
17837,ACC_0871
17838,ACC_0871
17839,ACC_0872
17840,ACC_0872
17841,ACC_0872
17842,ACC_0872
17843,ACC_0873
17844,ACC_0873
17845,ACC_0873
17846,ACC_0873
17847,ACC_0873
17848,ACC_0874
17849,ACC_0874
17850,ACC_0874
17851,ACC_0874
17852,ACC_0874
17853,ACC_0874
17854,ACC_0875
17855,ACC_0875
17856,ACC_0875
17857,ACC_0875
17858,ACC_0875
17859,ACC_0875
17860,ACC_0875
17861,ACC_0875
17862,ACC_0875
17863,ACC_0875
17864,ACC_0875
17865,ACC_0875
17866,ACC_0875
17867,ACC_0875
17868,ACC_0875
17869,ACC_0876
17870,ACC_0876
17871,ACC_0876
17872,ACC_0876
17873,ACC_0877
17874,ACC_0877
17875,ACC_0877
17876,ACC_0877
17877,ACC_0877
17878,ACC_0877
17879,ACC_0878
17880,ACC_0878
17881,ACC_0878
17882,ACC_0878
17883,ACC_0878
17884,ACC_0879
17885,ACC_0879
17886,ACC_0879
17887,ACC_0880
17888,ACC_0880
17889,ACC_0880
17890,ACC_0880
17891,ACC_0880
17892,ACC_0880
17893,ACC_0880
17894,ACC_0880
17895,ACC_0880
17896,ACC_0880
17897,ACC_0880
17898,ACC_0880
17899,ACC_0880
17900,ACC_0881
17901,ACC_0881
17902,ACC_0881
17903,ACC_0882
17904,ACC_0882
17905,ACC_0882
17906,ACC_0882
17907,ACC_0883
17908,ACC_0883
17909,ACC_0883
17910,ACC_0883
17911,ACC_0883
17912,ACC_0883
17913,ACC_0883
17914,ACC_0883
17915,ACC_0883
17916,ACC_0883
17917,ACC_0883
17918,ACC_0883
17919,ACC_0883
17920,ACC_0883
17921,ACC_0883
17922,ACC_0884
17923,ACC_0884
17924,ACC_0884
17925,ACC_0884
17926,ACC_0884
17927,ACC_0884
17928,ACC_0884
17929,ACC_0884
17930,ACC_0884
17931,ACC_0885
17932,ACC_0885
17933,ACC_0885
17934,ACC_0885
17935,ACC_0885
17936,ACC_0885
17937,ACC_0886
17938,ACC_0886
17939,ACC_0886
17940,ACC_0886
17941,ACC_0887
17942,ACC_0887
17944,ACC_0887
17945,ACC_0887
17946,ACC_0888
17947,ACC_0888
17948,ACC_0888
17949,ACC_0888
17950,ACC_0888
17951,ACC_0889
17952,ACC_0889
17953,ACC_0889
17954,ACC_0890
17955,ACC_0890
17956,ACC_0890
17957,ACC_0890
17958,ACC_0890
17959,ACC_0890
17960,ACC_0890
17961,ACC_0890
17962,ACC_0890
17963,ACC_0890
17964,ACC_0890
17965,ACC_0890
17966,ACC_0890
17967,ACC_0890
17968,ACC_0890
17969,ACC_0890
17970,ACC_0890
17971,ACC_0890
17972,ACC_0890
17973,ACC_0890
17974,ACC_0890
17975,ACC_0890
17976,ACC_0890
17977,ACC_0890
17978,ACC_0890
17979,ACC_0890
17980,ACC_0890
17981,ACC_0890
17982,ACC_0890
17983,ACC_0890
17984,ACC_0891
17985,ACC_0891
17986,ACC_0891
17987,ACC_0891
17988,ACC_0891
17989,ACC_0891
17990,ACC_0891
17991,ACC_0891
17992,ACC_0891
17993,ACC_0891
17994,ACC_0891
17995,ACC_0891
17996,ACC_0891
17997,ACC_0891
17998,ACC_0892
17999,ACC_0892
18000,ACC_0893
18001,ACC_0893
18002,ACC_0893
18003,ACC_0893
18004,ACC_0893
18005,ACC_0893
18006,ACC_0893
18007,ACC_0893
18008,ACC_0893
18009,ACC_0893
18010,ACC_0893
18011,ACC_0893
18012,ACC_0894
18013,ACC_0894
18014,ACC_0894
18015,ACC_0895
18016,ACC_0895
18017,ACC_0895
18018,ACC_0895
18019,ACC_0895
18020,ACC_0895
18021,ACC_0895
18022,ACC_0895
18024,ACC_0895
18025,ACC_0895
18026,ACC_0895
18027,ACC_0896
18028,ACC_0896
18029,ACC_0896
18030,ACC_0896
18031,ACC_0897
18032,ACC_0897
18033,ACC_0897
18034,ACC_0897
18035,ACC_0897
18036,ACC_0897
18037,ACC_0897
18038,ACC_0897
18039,ACC_0897
18040,ACC_0897
18041,ACC_0897
18042,ACC_0897
18043,ACC_0897
18044,ACC_0897
18045,ACC_0897
18046,ACC_0897
18047,ACC_0897
18048,ACC_0897
18049,ACC_0897
18050,ACC_0897
18051,ACC_0897
18052,ACC_0897
18053,ACC_0897
18054,ACC_0897
18055,ACC_0897
18056,ACC_0897
18057,ACC_0898
18058,ACC_0898
18059,ACC_0898
18060,ACC_0898
18061,ACC_0898
18062,ACC_0899
18063,ACC_0899
18064,ACC_0900
18065,ACC_0900
18066,ACC_0900
18067,ACC_0900
18068,ACC_0901
18069,ACC_0901
18070,ACC_0901
18071,ACC_0901
18072,ACC_0901
18073,ACC_0901
18074,ACC_0901
18075,ACC_0901
18076,ACC_0902
18077,ACC_0902
18078,ACC_0902
18079,ACC_0902
18080,ACC_0902
18081,ACC_0902
18082,ACC_0903
18083,ACC_0903
18084,ACC_0903
18085,ACC_0903
18086,ACC_0903
18087,ACC_0904
18088,ACC_0904
18089,ACC_0904
18090,ACC_0904
18091,ACC_0904
18092,ACC_0904
18093,ACC_0905
18094,ACC_0905
18095,ACC_0905
18096,ACC_0905
18097,ACC_0906
18098,ACC_0906
18099,ACC_0906
18100,ACC_0906
18101,ACC_0907
18102,ACC_0907
18103,ACC_0907
18104,ACC_0907
18105,ACC_0907
18106,ACC_0908
18107,ACC_0908
18108,ACC_0908
18109,ACC_0908
18110,ACC_0908
18111,ACC_0909
18112,ACC_0909
18113,ACC_0910
18114,ACC_0910
18115,ACC_0911
18116,ACC_0911
18117,ACC_0911
18118,ACC_0911
18119,ACC_0911
18120,ACC_0911
18121,ACC_0912
18122,ACC_0912
18123,ACC_0912
18124,ACC_0913
18125,ACC_0913
18126,ACC_0913
18127,ACC_0913
18128,ACC_0914
18129,ACC_0914
18130,ACC_0914
18131,ACC_0915
18132,ACC_0915
18133,ACC_0915
18134,ACC_0915
18135,ACC_0915
18136,ACC_0915
18137,ACC_0915
18138,ACC_0915
18139,ACC_0916
18140,ACC_0916
18141,ACC_0916
18142,ACC_0916
18143,ACC_0916
18144,ACC_0916
18145,ACC_0916
18146,ACC_0916
18147,ACC_0916
18148,ACC_0916
18149,ACC_0917
18150,ACC_0917
18151,ACC_0917
18152,ACC_0917
18153,ACC_0917
18154,ACC_0917
18155,ACC_0917
18156,ACC_0917
18157,ACC_0917
18158,ACC_0917
18159,ACC_0917
18160,ACC_0917
18161,ACC_0917
18162,ACC_0917
18163,ACC_0917
18164,ACC_0917
18165,ACC_0917
18166,ACC_0917
18167,ACC_0917
18168,ACC_0918
18169,ACC_0918
18170,ACC_0919
18171,ACC_0919
18172,ACC_0919
18173,ACC_0919
18174,ACC_0919
18175,ACC_0919
18176,ACC_0919
18177,ACC_0919
18178,ACC_0919
18179,ACC_0919
18180,ACC_0919
18181,ACC_0919
18182,ACC_0919
18183,ACC_0919
18184,ACC_0920
18185,ACC_0920
18186,ACC_0920
18187,ACC_0920
18188,ACC_0920
18189,ACC_0921
18190,ACC_0921
18191,ACC_0921
18192,ACC_0922
18193,ACC_0922
18194,ACC_0923
18195,ACC_0923
18196,ACC_0923
18197,ACC_0923
18198,ACC_0923
18199,ACC_0923
18200,ACC_0923
18201,ACC_0923
18202,ACC_0923
18203,ACC_0923
18204,ACC_0923
18205,ACC_0923
18206,ACC_0923
18207,ACC_0923
18208,ACC_0923
18209,ACC_0923
18210,ACC_0923
18211,ACC_0923
18212,ACC_0923
18213,ACC_0923
18214,ACC_0923
18215,ACC_0923
18216,ACC_0923
18217,ACC_0924
18218,ACC_0924
18219,ACC_0924
18220,ACC_0924
18221,ACC_0924
18222,ACC_0924
18223,ACC_0925
18224,ACC_0925
18225,ACC_0925
18226,ACC_0925
18227,ACC_0926
18228,ACC_0926
18229,ACC_0926
18230,ACC_0926
18231,ACC_0926
18232,ACC_0926
18233,ACC_0926
18234,ACC_0926
18235,ACC_0926
18236,ACC_0927
18237,ACC_0927
18238,ACC_0927
18239,ACC_0928
18240,ACC_0928
18241,ACC_0928
18242,ACC_0928
18243,ACC_0928
18244,ACC_0928
18245,ACC_0928
18246,ACC_0928
18247,ACC_0928
18248,ACC_0928
18249,ACC_0928
18250,ACC_0928
18251,ACC_0928
18252,ACC_0928
18253,ACC_0928
18254,ACC_0929
18255,ACC_0929
18256,ACC_0929
18257,ACC_0930
18258,ACC_0930
18259,ACC_0930
18260,ACC_0930
18261,ACC_0930
18262,ACC_0930
18263,ACC_0930
18264,ACC_0931
18265,ACC_0931
18266,ACC_0931
18267,ACC_0931
18268,ACC_0931
18269,ACC_0932
18270,ACC_0932
18271,ACC_0932
18272,ACC_0932
18273,ACC_0932
18274,ACC_0932
18275,ACC_0932
18276,ACC_0932
18277,ACC_0932
18278,ACC_0932
18279,ACC_0932
18280,ACC_0933
18281,ACC_0933
18282,ACC_0933
18283,ACC_0933
18284,ACC_0933
18285,ACC_0934
18286,ACC_0934
18287,ACC_0934
